Line,Source,Target
1,Allegany Precinct 01-000,Allegany Precinct 02-000
2,Allegany Precinct 01-000,Allegany Precinct 03-000
3,Allegany Precinct 01-000,Washington Precinct 05-001
4,Allegany Precinct 02-000,Allegany Precinct 03-000
5,Allegany Precinct 02-000,Allegany Precinct 16-000
6,Allegany Precinct 03-000,Allegany Precinct 16-000
7,Allegany Precinct 03-000,Allegany Precinct 21-000
8,Allegany Precinct 04-002,Allegany Precinct 04-003
9,Allegany Precinct 04-002,Allegany Precinct 04-004
10,Allegany Precinct 04-002,Allegany Precinct 04-005
11,Allegany Precinct 04-002,Allegany Precinct 06-001
12,Allegany Precinct 04-002,Allegany Precinct 06-003
13,Allegany Precinct 04-002,Allegany Precinct 14-000
14,Allegany Precinct 04-002,Allegany Precinct 22-000
15,Allegany Precinct 04-003,Allegany Precinct 04-004
16,Allegany Precinct 04-003,Allegany Precinct 04-005
17,Allegany Precinct 04-003,Allegany Precinct 04-008
18,Allegany Precinct 04-004,Allegany Precinct 04-008
19,Allegany Precinct 04-004,Allegany Precinct 16-000
20,Allegany Precinct 04-004,Allegany Precinct 22-000
21,Allegany Precinct 04-005,Allegany Precinct 04-008
22,Allegany Precinct 04-005,Allegany Precinct 16-000
23,Allegany Precinct 04-008,Allegany Precinct 16-000
24,Allegany Precinct 05-004,Allegany Precinct 05-006
25,Allegany Precinct 05-004,Allegany Precinct 06-001
26,Allegany Precinct 05-004,Allegany Precinct 14-000
27,Allegany Precinct 05-004,Allegany Precinct 23-000
28,Allegany Precinct 05-004,Allegany Precinct 29-001
29,Allegany Precinct 05-006,Allegany Precinct 20-000
30,Allegany Precinct 05-006,Allegany Precinct 23-000
31,Allegany Precinct 05-006,Allegany Precinct 29-001
32,Allegany Precinct 05-006,Allegany Precinct 34-000
33,Allegany Precinct 06-001,Allegany Precinct 06-003
34,Allegany Precinct 06-001,Allegany Precinct 06-005
35,Allegany Precinct 06-001,Allegany Precinct 14-000
36,Allegany Precinct 06-001,Allegany Precinct 29-001
37,Allegany Precinct 06-003,Allegany Precinct 06-005
38,Allegany Precinct 06-003,Allegany Precinct 14-000
39,Allegany Precinct 06-005,Allegany Precinct 06-006
40,Allegany Precinct 06-005,Allegany Precinct 29-001
41,Allegany Precinct 06-005,Allegany Precinct 29-003
42,Allegany Precinct 06-006,Allegany Precinct 07-001
43,Allegany Precinct 06-006,Allegany Precinct 29-003
44,Allegany Precinct 07-001,Allegany Precinct 07-002
45,Allegany Precinct 07-001,Allegany Precinct 29-003
46,Allegany Precinct 07-002,Allegany Precinct 18-000
47,Allegany Precinct 07-002,Allegany Precinct 24-000
48,Allegany Precinct 07-002,Allegany Precinct 29-003
49,Allegany Precinct 07-002,Allegany Precinct 31-000
50,Allegany Precinct 08-000,Allegany Precinct 09-000
51,Allegany Precinct 08-000,Allegany Precinct 31-000
52,Allegany Precinct 08-000,Garrett Precinct 04-001
53,Allegany Precinct 09-000,Allegany Precinct 10-000
54,Allegany Precinct 09-000,Allegany Precinct 31-000
55,Allegany Precinct 09-000,Garrett Precinct 04-001
56,Allegany Precinct 09-000,Garrett Precinct 11-001
57,Allegany Precinct 10-000,Allegany Precinct 18-000
58,Allegany Precinct 10-000,Allegany Precinct 31-000
59,Allegany Precinct 10-000,Garrett Precinct 11-001
60,Allegany Precinct 11-000,Allegany Precinct 12-000
61,Allegany Precinct 11-000,Allegany Precinct 13-000
62,Allegany Precinct 11-000,Allegany Precinct 26-000
63,Allegany Precinct 11-000,Garrett Precinct 09-001
64,Allegany Precinct 12-000,Allegany Precinct 13-000
65,Allegany Precinct 12-000,Allegany Precinct 18-000
66,Allegany Precinct 12-000,Allegany Precinct 24-000
67,Allegany Precinct 12-000,Allegany Precinct 26-000
68,Allegany Precinct 13-000,Allegany Precinct 20-000
69,Allegany Precinct 13-000,Allegany Precinct 24-000
70,Allegany Precinct 13-000,Allegany Precinct 29-001
71,Allegany Precinct 13-000,Garrett Precinct 09-001
72,Allegany Precinct 14-000,Allegany Precinct 22-000
73,Allegany Precinct 14-000,Allegany Precinct 23-000
74,Allegany Precinct 16-000,Allegany Precinct 21-000
75,Allegany Precinct 16-000,Allegany Precinct 22-000
76,Allegany Precinct 18-000,Allegany Precinct 24-000
77,Allegany Precinct 18-000,Allegany Precinct 26-000
78,Allegany Precinct 18-000,Allegany Precinct 31-000
79,Allegany Precinct 18-000,Garrett Precinct 09-001
80,Allegany Precinct 18-000,Garrett Precinct 11-001
81,Allegany Precinct 20-000,Allegany Precinct 29-001
82,Allegany Precinct 21-000,Allegany Precinct 22-000
83,Allegany Precinct 21-000,Allegany Precinct 34-000
84,Allegany Precinct 22-000,Allegany Precinct 23-000
85,Allegany Precinct 22-000,Allegany Precinct 34-000
86,Allegany Precinct 23-000,Allegany Precinct 34-000
87,Allegany Precinct 24-000,Allegany Precinct 29-001
88,Allegany Precinct 24-000,Allegany Precinct 29-002
89,Allegany Precinct 24-000,Allegany Precinct 29-003
90,Allegany Precinct 26-000,Garrett Precinct 09-001
91,Allegany Precinct 29-001,Allegany Precinct 29-002
92,Allegany Precinct 29-001,Allegany Precinct 29-003
93,Allegany Precinct 29-002,Allegany Precinct 29-003
94,Anne Arundel Precinct 01-001,Anne Arundel Precinct 01-002
95,Anne Arundel Precinct 01-001,Anne Arundel Precinct 01-004
96,Anne Arundel Precinct 01-001,Anne Arundel Precinct 01-007
97,Anne Arundel Precinct 01-001,Anne Arundel Precinct 01-008
98,Anne Arundel Precinct 01-001,Anne Arundel Precinct 01-009
99,Anne Arundel Precinct 01-001,Anne Arundel Precinct 01-010
100,Anne Arundel Precinct 01-002,Anne Arundel Precinct 01-006
101,Anne Arundel Precinct 01-002,Anne Arundel Precinct 01-007
102,Anne Arundel Precinct 01-002,Anne Arundel Precinct 01-008
103,Anne Arundel Precinct 01-002,Anne Arundel Precinct 01-009
104,Anne Arundel Precinct 01-002,Anne Arundel Precinct 01-010
105,Anne Arundel Precinct 01-002,Anne Arundel Precinct 01-011
106,Anne Arundel Precinct 01-003,Anne Arundel Precinct 01-008
107,Anne Arundel Precinct 01-003,Anne Arundel Precinct 01-009
108,Anne Arundel Precinct 01-003,Anne Arundel Precinct 01-014
109,Anne Arundel Precinct 01-003,Anne Arundel Precinct 02-016
110,Anne Arundel Precinct 01-004,Anne Arundel Precinct 01-007
111,Anne Arundel Precinct 01-004,Anne Arundel Precinct 01-008
112,Anne Arundel Precinct 01-004,Anne Arundel Precinct 01-012
113,Anne Arundel Precinct 01-004,Anne Arundel Precinct 01-013
114,Anne Arundel Precinct 01-004,Anne Arundel Precinct 01-015
115,Anne Arundel Precinct 01-004,Anne Arundel Precinct 01-018
116,Anne Arundel Precinct 01-004,Baltimore County Precinct 13-007
117,Anne Arundel Precinct 01-004,Baltimore County Precinct 13-008
118,Anne Arundel Precinct 01-005,Anne Arundel Precinct 01-006
119,Anne Arundel Precinct 01-005,Anne Arundel Precinct 01-019
120,Anne Arundel Precinct 01-005,Anne Arundel Precinct 01-020
121,Anne Arundel Precinct 01-005,Anne Arundel Precinct 01-022
122,Anne Arundel Precinct 01-005,Anne Arundel Precinct 01-024
123,Anne Arundel Precinct 01-006,Anne Arundel Precinct 01-007
124,Anne Arundel Precinct 01-006,Anne Arundel Precinct 01-009
125,Anne Arundel Precinct 01-006,Anne Arundel Precinct 01-022
126,Anne Arundel Precinct 01-006,Anne Arundel Precinct 01-024
127,Anne Arundel Precinct 01-006,Anne Arundel Precinct 02-001
128,Anne Arundel Precinct 01-006,Baltimore County Precinct 13-005
129,Anne Arundel Precinct 01-006,Howard Precinct 01-001
130,Anne Arundel Precinct 01-006,Howard Precinct 01-013
131,Anne Arundel Precinct 01-006,Howard Precinct 01-015
132,Anne Arundel Precinct 01-007,Anne Arundel Precinct 01-010
133,Anne Arundel Precinct 01-007,Anne Arundel Precinct 01-011
134,Anne Arundel Precinct 01-007,Baltimore County Precinct 13-005
135,Anne Arundel Precinct 01-007,Baltimore County Precinct 13-007
136,Anne Arundel Precinct 01-007,Baltimore County Precinct 13-008
137,Anne Arundel Precinct 01-007,Baltimore County Precinct 13-009
138,Anne Arundel Precinct 01-008,Anne Arundel Precinct 01-009
139,Anne Arundel Precinct 01-008,Anne Arundel Precinct 01-012
140,Anne Arundel Precinct 01-008,Anne Arundel Precinct 01-014
141,Anne Arundel Precinct 01-009,Anne Arundel Precinct 02-001
142,Anne Arundel Precinct 01-009,Anne Arundel Precinct 02-007
143,Anne Arundel Precinct 01-009,Anne Arundel Precinct 02-016
144,Anne Arundel Precinct 01-010,Anne Arundel Precinct 01-011
145,Anne Arundel Precinct 01-012,Anne Arundel Precinct 01-014
146,Anne Arundel Precinct 01-012,Anne Arundel Precinct 01-018
147,Anne Arundel Precinct 01-013,Anne Arundel Precinct 01-015
148,Anne Arundel Precinct 01-013,Anne Arundel Precinct 01-016
149,Anne Arundel Precinct 01-013,Baltimore City Precinct 25-008
150,Anne Arundel Precinct 01-013,Baltimore City Precinct 25-011
151,Anne Arundel Precinct 01-013,Baltimore County Precinct 13-008
152,Anne Arundel Precinct 01-014,Anne Arundel Precinct 01-018
153,Anne Arundel Precinct 01-014,Anne Arundel Precinct 02-016
154,Anne Arundel Precinct 01-015,Anne Arundel Precinct 01-016
155,Anne Arundel Precinct 01-015,Anne Arundel Precinct 01-017
156,Anne Arundel Precinct 01-015,Anne Arundel Precinct 01-018
157,Anne Arundel Precinct 01-016,Anne Arundel Precinct 01-017
158,Anne Arundel Precinct 01-016,Anne Arundel Precinct 01-018
159,Anne Arundel Precinct 01-016,Baltimore City Precinct 25-011
160,Anne Arundel Precinct 01-016,Baltimore City Precinct 25-012
161,Anne Arundel Precinct 01-017,Anne Arundel Precinct 01-018
162,Anne Arundel Precinct 01-017,Baltimore City Precinct 25-012
163,Anne Arundel Precinct 01-017,Baltimore City Precinct 25-015
164,Anne Arundel Precinct 01-017,Baltimore City Precinct 25-016
165,Anne Arundel Precinct 01-018,Anne Arundel Precinct 02-008
166,Anne Arundel Precinct 01-018,Anne Arundel Precinct 02-016
167,Anne Arundel Precinct 01-018,Baltimore City Precinct 25-016
168,Anne Arundel Precinct 01-019,Anne Arundel Precinct 01-020
169,Anne Arundel Precinct 01-019,Anne Arundel Precinct 01-021
170,Anne Arundel Precinct 01-019,Anne Arundel Precinct 01-024
171,Anne Arundel Precinct 01-019,Anne Arundel Precinct 02-001
172,Anne Arundel Precinct 01-019,Anne Arundel Precinct 04-018
173,Anne Arundel Precinct 01-020,Anne Arundel Precinct 01-021
174,Anne Arundel Precinct 01-020,Anne Arundel Precinct 01-022
175,Anne Arundel Precinct 01-020,Anne Arundel Precinct 04-007
176,Anne Arundel Precinct 01-021,Anne Arundel Precinct 04-007
177,Anne Arundel Precinct 01-021,Anne Arundel Precinct 04-018
178,Anne Arundel Precinct 01-022,Anne Arundel Precinct 01-023
179,Anne Arundel Precinct 01-022,Anne Arundel Precinct 04-007
180,Anne Arundel Precinct 01-022,Howard Precinct 01-015
181,Anne Arundel Precinct 01-022,Howard Precinct 06-030
182,Anne Arundel Precinct 01-023,Anne Arundel Precinct 04-006
183,Anne Arundel Precinct 01-023,Anne Arundel Precinct 04-007
184,Anne Arundel Precinct 01-023,Anne Arundel Precinct 04-009
185,Anne Arundel Precinct 01-023,Anne Arundel Precinct 04-020
186,Anne Arundel Precinct 01-023,Howard Precinct 01-015
187,Anne Arundel Precinct 01-023,Howard Precinct 06-001
188,Anne Arundel Precinct 01-023,Howard Precinct 06-007
189,Anne Arundel Precinct 01-023,Howard Precinct 06-027
190,Anne Arundel Precinct 01-023,Howard Precinct 06-030
191,Anne Arundel Precinct 01-024,Anne Arundel Precinct 02-001
192,Anne Arundel Precinct 02-001,Anne Arundel Precinct 02-004
193,Anne Arundel Precinct 02-001,Anne Arundel Precinct 02-007
194,Anne Arundel Precinct 02-001,Anne Arundel Precinct 02-023
195,Anne Arundel Precinct 02-001,Anne Arundel Precinct 02-024
196,Anne Arundel Precinct 02-001,Anne Arundel Precinct 04-018
197,Anne Arundel Precinct 02-002,Anne Arundel Precinct 02-013
198,Anne Arundel Precinct 02-002,Anne Arundel Precinct 02-014
199,Anne Arundel Precinct 02-002,Anne Arundel Precinct 02-015
200,Anne Arundel Precinct 02-002,Anne Arundel Precinct 02-020
201,Anne Arundel Precinct 02-003,Anne Arundel Precinct 02-004
202,Anne Arundel Precinct 02-003,Anne Arundel Precinct 02-005
203,Anne Arundel Precinct 02-003,Anne Arundel Precinct 02-007
204,Anne Arundel Precinct 02-003,Anne Arundel Precinct 02-009
205,Anne Arundel Precinct 02-003,Anne Arundel Precinct 02-014
206,Anne Arundel Precinct 02-003,Anne Arundel Precinct 02-017
207,Anne Arundel Precinct 02-003,Anne Arundel Precinct 02-021
208,Anne Arundel Precinct 02-004,Anne Arundel Precinct 02-007
209,Anne Arundel Precinct 02-004,Anne Arundel Precinct 02-009
210,Anne Arundel Precinct 02-004,Anne Arundel Precinct 02-021
211,Anne Arundel Precinct 02-004,Anne Arundel Precinct 02-024
212,Anne Arundel Precinct 02-005,Anne Arundel Precinct 02-006
213,Anne Arundel Precinct 02-005,Anne Arundel Precinct 02-007
214,Anne Arundel Precinct 02-005,Anne Arundel Precinct 02-011
215,Anne Arundel Precinct 02-005,Anne Arundel Precinct 02-014
216,Anne Arundel Precinct 02-005,Anne Arundel Precinct 02-020
217,Anne Arundel Precinct 02-006,Anne Arundel Precinct 02-007
218,Anne Arundel Precinct 02-006,Anne Arundel Precinct 02-008
219,Anne Arundel Precinct 02-006,Anne Arundel Precinct 02-011
220,Anne Arundel Precinct 02-006,Anne Arundel Precinct 02-012
221,Anne Arundel Precinct 02-006,Anne Arundel Precinct 02-016
222,Anne Arundel Precinct 02-007,Anne Arundel Precinct 02-009
223,Anne Arundel Precinct 02-007,Anne Arundel Precinct 02-014
224,Anne Arundel Precinct 02-007,Anne Arundel Precinct 02-016
225,Anne Arundel Precinct 02-008,Anne Arundel Precinct 02-010
226,Anne Arundel Precinct 02-008,Anne Arundel Precinct 02-012
227,Anne Arundel Precinct 02-008,Anne Arundel Precinct 02-016
228,Anne Arundel Precinct 02-008,Anne Arundel Precinct 02-022
229,Anne Arundel Precinct 02-009,Anne Arundel Precinct 02-021
230,Anne Arundel Precinct 02-010,Anne Arundel Precinct 02-012
231,Anne Arundel Precinct 02-010,Anne Arundel Precinct 02-022
232,Anne Arundel Precinct 02-011,Anne Arundel Precinct 02-012
233,Anne Arundel Precinct 02-011,Anne Arundel Precinct 02-014
234,Anne Arundel Precinct 02-011,Anne Arundel Precinct 02-019
235,Anne Arundel Precinct 02-011,Anne Arundel Precinct 02-020
236,Anne Arundel Precinct 02-012,Anne Arundel Precinct 02-016
237,Anne Arundel Precinct 02-012,Anne Arundel Precinct 02-019
238,Anne Arundel Precinct 02-013,Anne Arundel Precinct 02-015
239,Anne Arundel Precinct 02-013,Anne Arundel Precinct 02-018
240,Anne Arundel Precinct 02-013,Anne Arundel Precinct 02-020
241,Anne Arundel Precinct 02-013,Anne Arundel Precinct 03-005
242,Anne Arundel Precinct 02-013,Anne Arundel Precinct 05-029
243,Anne Arundel Precinct 02-013,Anne Arundel Precinct 05-030
244,Anne Arundel Precinct 02-013,Anne Arundel Precinct 05-033
245,Anne Arundel Precinct 02-014,Anne Arundel Precinct 02-015
246,Anne Arundel Precinct 02-014,Anne Arundel Precinct 02-017
247,Anne Arundel Precinct 02-014,Anne Arundel Precinct 02-020
248,Anne Arundel Precinct 02-015,Anne Arundel Precinct 02-017
249,Anne Arundel Precinct 02-015,Anne Arundel Precinct 02-018
250,Anne Arundel Precinct 02-017,Anne Arundel Precinct 02-018
251,Anne Arundel Precinct 02-017,Anne Arundel Precinct 02-021
252,Anne Arundel Precinct 02-018,Anne Arundel Precinct 02-021
253,Anne Arundel Precinct 02-018,Anne Arundel Precinct 05-015
254,Anne Arundel Precinct 02-018,Anne Arundel Precinct 05-033
255,Anne Arundel Precinct 02-019,Anne Arundel Precinct 02-020
256,Anne Arundel Precinct 02-019,Anne Arundel Precinct 03-005
257,Anne Arundel Precinct 02-019,Anne Arundel Precinct 03-008
258,Anne Arundel Precinct 02-019,Anne Arundel Precinct 03-025
259,Anne Arundel Precinct 02-020,Anne Arundel Precinct 03-005
260,Anne Arundel Precinct 02-020,Anne Arundel Precinct 03-025
261,Anne Arundel Precinct 02-021,Anne Arundel Precinct 02-023
262,Anne Arundel Precinct 02-021,Anne Arundel Precinct 02-024
263,Anne Arundel Precinct 02-021,Anne Arundel Precinct 04-013
264,Anne Arundel Precinct 02-021,Anne Arundel Precinct 05-015
265,Anne Arundel Precinct 02-023,Anne Arundel Precinct 02-024
266,Anne Arundel Precinct 02-023,Anne Arundel Precinct 04-002
267,Anne Arundel Precinct 02-023,Anne Arundel Precinct 04-013
268,Anne Arundel Precinct 02-023,Anne Arundel Precinct 04-018
269,Anne Arundel Precinct 02-023,Anne Arundel Precinct 04-024
270,Anne Arundel Precinct 03-001,Anne Arundel Precinct 03-003
271,Anne Arundel Precinct 03-001,Anne Arundel Precinct 03-007
272,Anne Arundel Precinct 03-001,Anne Arundel Precinct 03-016
273,Anne Arundel Precinct 03-001,Anne Arundel Precinct 03-020
274,Anne Arundel Precinct 03-001,Anne Arundel Precinct 03-021
275,Anne Arundel Precinct 03-001,Anne Arundel Precinct 03-022
276,Anne Arundel Precinct 03-002,Anne Arundel Precinct 03-014
277,Anne Arundel Precinct 03-003,Anne Arundel Precinct 03-004
278,Anne Arundel Precinct 03-003,Anne Arundel Precinct 03-007
279,Anne Arundel Precinct 03-003,Anne Arundel Precinct 03-016
280,Anne Arundel Precinct 03-004,Anne Arundel Precinct 03-005
281,Anne Arundel Precinct 03-004,Anne Arundel Precinct 03-006
282,Anne Arundel Precinct 03-004,Anne Arundel Precinct 03-016
283,Anne Arundel Precinct 03-004,Anne Arundel Precinct 03-022
284,Anne Arundel Precinct 03-004,Anne Arundel Precinct 03-025
285,Anne Arundel Precinct 03-005,Anne Arundel Precinct 03-009
286,Anne Arundel Precinct 03-005,Anne Arundel Precinct 03-022
287,Anne Arundel Precinct 03-005,Anne Arundel Precinct 03-025
288,Anne Arundel Precinct 03-005,Anne Arundel Precinct 05-030
289,Anne Arundel Precinct 03-006,Anne Arundel Precinct 03-008
290,Anne Arundel Precinct 03-006,Anne Arundel Precinct 03-024
291,Anne Arundel Precinct 03-006,Anne Arundel Precinct 03-025
292,Anne Arundel Precinct 03-006,Baltimore City Precinct 25-016
293,Anne Arundel Precinct 03-007,Anne Arundel Precinct 03-014
294,Anne Arundel Precinct 03-007,Anne Arundel Precinct 03-020
295,Anne Arundel Precinct 03-008,Anne Arundel Precinct 03-025
296,Anne Arundel Precinct 03-009,Anne Arundel Precinct 03-022
297,Anne Arundel Precinct 03-009,Anne Arundel Precinct 03-023
298,Anne Arundel Precinct 03-009,Anne Arundel Precinct 05-030
299,Anne Arundel Precinct 03-009,Anne Arundel Precinct 05-031
300,Anne Arundel Precinct 03-009,Anne Arundel Precinct 05-032
301,Anne Arundel Precinct 03-010,Anne Arundel Precinct 03-011
302,Anne Arundel Precinct 03-010,Anne Arundel Precinct 03-013
303,Anne Arundel Precinct 03-010,Anne Arundel Precinct 03-015
304,Anne Arundel Precinct 03-010,Anne Arundel Precinct 03-018
305,Anne Arundel Precinct 03-011,Anne Arundel Precinct 03-015
306,Anne Arundel Precinct 03-011,Anne Arundel Precinct 03-018
307,Anne Arundel Precinct 03-012,Anne Arundel Precinct 03-019
308,Anne Arundel Precinct 03-013,Anne Arundel Precinct 03-017
309,Anne Arundel Precinct 03-013,Anne Arundel Precinct 03-018
310,Anne Arundel Precinct 03-013,Anne Arundel Precinct 03-022
311,Anne Arundel Precinct 03-014,Anne Arundel Precinct 03-020
312,Anne Arundel Precinct 03-016,Anne Arundel Precinct 03-022
313,Anne Arundel Precinct 03-017,Anne Arundel Precinct 03-022
314,Anne Arundel Precinct 03-017,Anne Arundel Precinct 03-023
315,Anne Arundel Precinct 03-018,Anne Arundel Precinct 03-019
316,Anne Arundel Precinct 03-018,Anne Arundel Precinct 03-020
317,Anne Arundel Precinct 03-018,Anne Arundel Precinct 03-021
318,Anne Arundel Precinct 03-018,Anne Arundel Precinct 03-022
319,Anne Arundel Precinct 03-019,Anne Arundel Precinct 03-020
320,Anne Arundel Precinct 03-020,Anne Arundel Precinct 03-021
321,Anne Arundel Precinct 03-021,Anne Arundel Precinct 03-022
322,Anne Arundel Precinct 03-022,Anne Arundel Precinct 03-023
323,Anne Arundel Precinct 03-023,Anne Arundel Precinct 05-010
324,Anne Arundel Precinct 03-023,Anne Arundel Precinct 05-031
325,Anne Arundel Precinct 03-024,Baltimore City Precinct 25-016
326,Anne Arundel Precinct 04-001,Anne Arundel Precinct 04-009
327,Anne Arundel Precinct 04-001,Anne Arundel Precinct 04-017
328,Anne Arundel Precinct 04-001,Howard Precinct 06-002
329,Anne Arundel Precinct 04-001,Howard Precinct 06-034
330,Anne Arundel Precinct 04-001,Prince George's Precinct 10-003
331,Anne Arundel Precinct 04-002,Anne Arundel Precinct 04-003
332,Anne Arundel Precinct 04-002,Anne Arundel Precinct 04-012
333,Anne Arundel Precinct 04-002,Anne Arundel Precinct 04-013
334,Anne Arundel Precinct 04-002,Anne Arundel Precinct 04-024
335,Anne Arundel Precinct 04-003,Anne Arundel Precinct 04-008
336,Anne Arundel Precinct 04-003,Anne Arundel Precinct 04-011
337,Anne Arundel Precinct 04-003,Anne Arundel Precinct 04-012
338,Anne Arundel Precinct 04-003,Anne Arundel Precinct 04-013
339,Anne Arundel Precinct 04-003,Anne Arundel Precinct 04-023
340,Anne Arundel Precinct 04-004,Anne Arundel Precinct 04-008
341,Anne Arundel Precinct 04-004,Anne Arundel Precinct 04-013
342,Anne Arundel Precinct 04-004,Anne Arundel Precinct 04-014
343,Anne Arundel Precinct 04-004,Anne Arundel Precinct 04-015
344,Anne Arundel Precinct 04-004,Anne Arundel Precinct 04-021
345,Anne Arundel Precinct 04-004,Anne Arundel Precinct 06-027
346,Anne Arundel Precinct 04-004,Anne Arundel Precinct 06-028
347,Anne Arundel Precinct 04-005,Anne Arundel Precinct 04-010
348,Anne Arundel Precinct 04-005,Anne Arundel Precinct 04-011
349,Anne Arundel Precinct 04-005,Anne Arundel Precinct 04-012
350,Anne Arundel Precinct 04-005,Anne Arundel Precinct 04-016
351,Anne Arundel Precinct 04-005,Anne Arundel Precinct 04-020
352,Anne Arundel Precinct 04-005,Anne Arundel Precinct 04-023
353,Anne Arundel Precinct 04-006,Anne Arundel Precinct 04-009
354,Anne Arundel Precinct 04-006,Anne Arundel Precinct 04-010
355,Anne Arundel Precinct 04-006,Anne Arundel Precinct 04-017
356,Anne Arundel Precinct 04-006,Anne Arundel Precinct 04-020
357,Anne Arundel Precinct 04-006,Prince George's Precinct 10-007
358,Anne Arundel Precinct 04-006,Prince George's Precinct 10-010
359,Anne Arundel Precinct 04-006,Prince George's Precinct 14-011
360,Anne Arundel Precinct 04-007,Anne Arundel Precinct 04-018
361,Anne Arundel Precinct 04-007,Anne Arundel Precinct 04-019
362,Anne Arundel Precinct 04-007,Anne Arundel Precinct 04-020
363,Anne Arundel Precinct 04-007,Anne Arundel Precinct 04-024
364,Anne Arundel Precinct 04-008,Anne Arundel Precinct 04-010
365,Anne Arundel Precinct 04-008,Anne Arundel Precinct 04-013
366,Anne Arundel Precinct 04-008,Anne Arundel Precinct 04-021
367,Anne Arundel Precinct 04-008,Anne Arundel Precinct 04-023
368,Anne Arundel Precinct 04-009,Anne Arundel Precinct 04-017
369,Anne Arundel Precinct 04-009,Howard Precinct 06-001
370,Anne Arundel Precinct 04-009,Howard Precinct 06-002
371,Anne Arundel Precinct 04-009,Howard Precinct 06-027
372,Anne Arundel Precinct 04-009,Howard Precinct 06-034
373,Anne Arundel Precinct 04-010,Anne Arundel Precinct 04-016
374,Anne Arundel Precinct 04-010,Anne Arundel Precinct 04-020
375,Anne Arundel Precinct 04-010,Anne Arundel Precinct 04-021
376,Anne Arundel Precinct 04-010,Anne Arundel Precinct 04-022
377,Anne Arundel Precinct 04-010,Anne Arundel Precinct 04-023
378,Anne Arundel Precinct 04-010,Anne Arundel Precinct 07-014
379,Anne Arundel Precinct 04-010,Anne Arundel Precinct 07-016
380,Anne Arundel Precinct 04-010,Anne Arundel Precinct 07-018
381,Anne Arundel Precinct 04-010,Anne Arundel Precinct 07-026
382,Anne Arundel Precinct 04-010,Prince George's Precinct 07-004
383,Anne Arundel Precinct 04-010,Prince George's Precinct 14-006
384,Anne Arundel Precinct 04-010,Prince George's Precinct 14-011
385,Anne Arundel Precinct 04-011,Anne Arundel Precinct 04-012
386,Anne Arundel Precinct 04-011,Anne Arundel Precinct 04-023
387,Anne Arundel Precinct 04-012,Anne Arundel Precinct 04-013
388,Anne Arundel Precinct 04-012,Anne Arundel Precinct 04-020
389,Anne Arundel Precinct 04-012,Anne Arundel Precinct 04-023
390,Anne Arundel Precinct 04-012,Anne Arundel Precinct 04-024
391,Anne Arundel Precinct 04-013,Anne Arundel Precinct 04-014
392,Anne Arundel Precinct 04-013,Anne Arundel Precinct 05-015
393,Anne Arundel Precinct 04-013,Anne Arundel Precinct 05-019
394,Anne Arundel Precinct 04-014,Anne Arundel Precinct 04-015
395,Anne Arundel Precinct 04-014,Anne Arundel Precinct 05-019
396,Anne Arundel Precinct 04-015,Anne Arundel Precinct 06-027
397,Anne Arundel Precinct 04-016,Anne Arundel Precinct 04-020
398,Anne Arundel Precinct 04-016,Anne Arundel Precinct 04-023
399,Anne Arundel Precinct 04-017,Prince George's Precinct 10-003
400,Anne Arundel Precinct 04-017,Prince George's Precinct 10-007
401,Anne Arundel Precinct 04-017,Prince George's Precinct 10-009
402,Anne Arundel Precinct 04-017,Prince George's Precinct 10-010
403,Anne Arundel Precinct 04-018,Anne Arundel Precinct 04-024
404,Anne Arundel Precinct 04-019,Anne Arundel Precinct 04-024
405,Anne Arundel Precinct 04-020,Anne Arundel Precinct 04-024
406,Anne Arundel Precinct 04-021,Anne Arundel Precinct 04-022
407,Anne Arundel Precinct 04-021,Anne Arundel Precinct 06-028
408,Anne Arundel Precinct 04-021,Anne Arundel Precinct 07-013
409,Anne Arundel Precinct 04-021,Anne Arundel Precinct 07-018
410,Anne Arundel Precinct 04-021,Anne Arundel Precinct 07-024
411,Anne Arundel Precinct 04-022,Anne Arundel Precinct 07-018
412,Anne Arundel Precinct 04-022,Anne Arundel Precinct 07-024
413,Anne Arundel Precinct 05-001,Anne Arundel Precinct 05-002
414,Anne Arundel Precinct 05-001,Anne Arundel Precinct 05-018
415,Anne Arundel Precinct 05-001,Anne Arundel Precinct 05-020
416,Anne Arundel Precinct 05-002,Anne Arundel Precinct 05-017
417,Anne Arundel Precinct 05-002,Anne Arundel Precinct 05-018
418,Anne Arundel Precinct 05-003,Anne Arundel Precinct 05-011
419,Anne Arundel Precinct 05-003,Anne Arundel Precinct 05-016
420,Anne Arundel Precinct 05-003,Anne Arundel Precinct 05-021
421,Anne Arundel Precinct 05-003,Anne Arundel Precinct 05-023
422,Anne Arundel Precinct 05-003,Anne Arundel Precinct 05-026
423,Anne Arundel Precinct 05-004,Anne Arundel Precinct 05-011
424,Anne Arundel Precinct 05-004,Anne Arundel Precinct 05-021
425,Anne Arundel Precinct 05-005,Anne Arundel Precinct 05-006
426,Anne Arundel Precinct 05-005,Anne Arundel Precinct 05-012
427,Anne Arundel Precinct 05-005,Anne Arundel Precinct 05-014
428,Anne Arundel Precinct 05-005,Anne Arundel Precinct 05-016
429,Anne Arundel Precinct 05-005,Anne Arundel Precinct 05-023
430,Anne Arundel Precinct 05-006,Anne Arundel Precinct 05-012
431,Anne Arundel Precinct 05-006,Anne Arundel Precinct 05-025
432,Anne Arundel Precinct 05-007,Anne Arundel Precinct 05-015
433,Anne Arundel Precinct 05-007,Anne Arundel Precinct 05-019
434,Anne Arundel Precinct 05-007,Anne Arundel Precinct 05-024
435,Anne Arundel Precinct 05-007,Anne Arundel Precinct 05-029
436,Anne Arundel Precinct 05-007,Anne Arundel Precinct 05-033
437,Anne Arundel Precinct 05-008,Anne Arundel Precinct 05-012
438,Anne Arundel Precinct 05-008,Anne Arundel Precinct 05-024
439,Anne Arundel Precinct 05-008,Anne Arundel Precinct 05-025
440,Anne Arundel Precinct 05-008,Anne Arundel Precinct 05-030
441,Anne Arundel Precinct 05-008,Anne Arundel Precinct 05-032
442,Anne Arundel Precinct 05-009,Anne Arundel Precinct 05-014
443,Anne Arundel Precinct 05-009,Anne Arundel Precinct 05-034
444,Anne Arundel Precinct 05-010,Anne Arundel Precinct 05-031
445,Anne Arundel Precinct 05-010,Anne Arundel Precinct 05-034
446,Anne Arundel Precinct 05-011,Anne Arundel Precinct 05-016
447,Anne Arundel Precinct 05-011,Anne Arundel Precinct 05-021
448,Anne Arundel Precinct 05-012,Anne Arundel Precinct 05-014
449,Anne Arundel Precinct 05-012,Anne Arundel Precinct 05-025
450,Anne Arundel Precinct 05-012,Anne Arundel Precinct 05-032
451,Anne Arundel Precinct 05-012,Anne Arundel Precinct 05-034
452,Anne Arundel Precinct 05-013,Anne Arundel Precinct 05-021
453,Anne Arundel Precinct 05-013,Anne Arundel Precinct 05-027
454,Anne Arundel Precinct 05-013,Anne Arundel Precinct 05-028
455,Anne Arundel Precinct 05-014,Anne Arundel Precinct 05-016
456,Anne Arundel Precinct 05-014,Anne Arundel Precinct 05-034
457,Anne Arundel Precinct 05-015,Anne Arundel Precinct 05-019
458,Anne Arundel Precinct 05-015,Anne Arundel Precinct 05-033
459,Anne Arundel Precinct 05-016,Anne Arundel Precinct 05-023
460,Anne Arundel Precinct 05-017,Anne Arundel Precinct 05-018
461,Anne Arundel Precinct 05-017,Anne Arundel Precinct 05-022
462,Anne Arundel Precinct 05-018,Anne Arundel Precinct 05-020
463,Anne Arundel Precinct 05-018,Anne Arundel Precinct 05-022
464,Anne Arundel Precinct 05-018,Anne Arundel Precinct 05-026
465,Anne Arundel Precinct 05-018,Anne Arundel Precinct 05-028
466,Anne Arundel Precinct 05-019,Anne Arundel Precinct 05-024
467,Anne Arundel Precinct 05-019,Anne Arundel Precinct 05-025
468,Anne Arundel Precinct 05-020,Anne Arundel Precinct 05-023
469,Anne Arundel Precinct 05-020,Anne Arundel Precinct 05-026
470,Anne Arundel Precinct 05-021,Anne Arundel Precinct 05-026
471,Anne Arundel Precinct 05-021,Anne Arundel Precinct 05-027
472,Anne Arundel Precinct 05-021,Anne Arundel Precinct 05-028
473,Anne Arundel Precinct 05-023,Anne Arundel Precinct 05-026
474,Anne Arundel Precinct 05-024,Anne Arundel Precinct 05-025
475,Anne Arundel Precinct 05-024,Anne Arundel Precinct 05-029
476,Anne Arundel Precinct 05-024,Anne Arundel Precinct 05-030
477,Anne Arundel Precinct 05-026,Anne Arundel Precinct 05-028
478,Anne Arundel Precinct 05-027,Anne Arundel Precinct 05-028
479,Anne Arundel Precinct 05-029,Anne Arundel Precinct 05-030
480,Anne Arundel Precinct 05-029,Anne Arundel Precinct 05-033
481,Anne Arundel Precinct 05-030,Anne Arundel Precinct 05-031
482,Anne Arundel Precinct 05-030,Anne Arundel Precinct 05-032
483,Anne Arundel Precinct 05-031,Anne Arundel Precinct 05-032
484,Anne Arundel Precinct 05-031,Anne Arundel Precinct 05-034
485,Anne Arundel Precinct 05-032,Anne Arundel Precinct 05-034
486,Anne Arundel Precinct 06-001,Anne Arundel Precinct 06-004
487,Anne Arundel Precinct 06-001,Anne Arundel Precinct 06-011
488,Anne Arundel Precinct 06-001,Anne Arundel Precinct 06-012
489,Anne Arundel Precinct 06-001,Anne Arundel Precinct 06-015
490,Anne Arundel Precinct 06-001,Anne Arundel Precinct 06-016
491,Anne Arundel Precinct 06-002,Anne Arundel Precinct 06-004
492,Anne Arundel Precinct 06-002,Anne Arundel Precinct 06-010
493,Anne Arundel Precinct 06-002,Anne Arundel Precinct 06-012
494,Anne Arundel Precinct 06-002,Anne Arundel Precinct 06-013
495,Anne Arundel Precinct 06-002,Anne Arundel Precinct 06-029
496,Anne Arundel Precinct 06-003,Anne Arundel Precinct 06-004
497,Anne Arundel Precinct 06-003,Anne Arundel Precinct 06-010
498,Anne Arundel Precinct 06-003,Anne Arundel Precinct 06-013
499,Anne Arundel Precinct 06-003,Anne Arundel Precinct 06-014
500,Anne Arundel Precinct 06-004,Anne Arundel Precinct 06-005
501,Anne Arundel Precinct 06-004,Anne Arundel Precinct 06-009
502,Anne Arundel Precinct 06-004,Anne Arundel Precinct 06-012
503,Anne Arundel Precinct 06-004,Anne Arundel Precinct 06-013
504,Anne Arundel Precinct 06-004,Anne Arundel Precinct 06-014
505,Anne Arundel Precinct 06-004,Anne Arundel Precinct 06-015
506,Anne Arundel Precinct 06-005,Anne Arundel Precinct 06-006
507,Anne Arundel Precinct 06-005,Anne Arundel Precinct 06-009
508,Anne Arundel Precinct 06-005,Anne Arundel Precinct 06-017
509,Anne Arundel Precinct 06-006,Anne Arundel Precinct 06-007
510,Anne Arundel Precinct 06-006,Anne Arundel Precinct 06-009
511,Anne Arundel Precinct 06-006,Anne Arundel Precinct 06-015
512,Anne Arundel Precinct 06-006,Anne Arundel Precinct 06-016
513,Anne Arundel Precinct 06-006,Anne Arundel Precinct 06-017
514,Anne Arundel Precinct 06-007,Anne Arundel Precinct 06-008
515,Anne Arundel Precinct 06-007,Anne Arundel Precinct 06-016
516,Anne Arundel Precinct 06-007,Anne Arundel Precinct 06-017
517,Anne Arundel Precinct 06-007,Anne Arundel Precinct 06-018
518,Anne Arundel Precinct 06-008,Anne Arundel Precinct 06-016
519,Anne Arundel Precinct 06-008,Anne Arundel Precinct 06-018
520,Anne Arundel Precinct 06-009,Anne Arundel Precinct 06-010
521,Anne Arundel Precinct 06-009,Anne Arundel Precinct 06-014
522,Anne Arundel Precinct 06-009,Anne Arundel Precinct 06-015
523,Anne Arundel Precinct 06-009,Anne Arundel Precinct 06-017
524,Anne Arundel Precinct 06-009,Anne Arundel Precinct 06-023
525,Anne Arundel Precinct 06-010,Anne Arundel Precinct 06-013
526,Anne Arundel Precinct 06-010,Anne Arundel Precinct 06-014
527,Anne Arundel Precinct 06-010,Anne Arundel Precinct 06-019
528,Anne Arundel Precinct 06-010,Anne Arundel Precinct 06-022
529,Anne Arundel Precinct 06-010,Anne Arundel Precinct 06-026
530,Anne Arundel Precinct 06-010,Anne Arundel Precinct 06-029
531,Anne Arundel Precinct 06-011,Anne Arundel Precinct 06-012
532,Anne Arundel Precinct 06-013,Anne Arundel Precinct 06-029
533,Anne Arundel Precinct 06-015,Anne Arundel Precinct 06-016
534,Anne Arundel Precinct 06-017,Anne Arundel Precinct 06-023
535,Anne Arundel Precinct 06-017,Anne Arundel Precinct 06-030
536,Anne Arundel Precinct 06-019,Anne Arundel Precinct 06-020
537,Anne Arundel Precinct 06-019,Anne Arundel Precinct 06-021
538,Anne Arundel Precinct 06-019,Anne Arundel Precinct 06-022
539,Anne Arundel Precinct 06-019,Anne Arundel Precinct 06-026
540,Anne Arundel Precinct 06-019,Anne Arundel Precinct 06-028
541,Anne Arundel Precinct 06-020,Anne Arundel Precinct 06-028
542,Anne Arundel Precinct 06-020,Anne Arundel Precinct 07-013
543,Anne Arundel Precinct 06-020,Anne Arundel Precinct 07-022
544,Anne Arundel Precinct 06-021,Anne Arundel Precinct 06-022
545,Anne Arundel Precinct 06-021,Anne Arundel Precinct 06-027
546,Anne Arundel Precinct 06-021,Anne Arundel Precinct 06-028
547,Anne Arundel Precinct 06-021,Anne Arundel Precinct 06-029
548,Anne Arundel Precinct 06-021,Anne Arundel Precinct 06-031
549,Anne Arundel Precinct 06-022,Anne Arundel Precinct 06-029
550,Anne Arundel Precinct 06-023,Anne Arundel Precinct 06-024
551,Anne Arundel Precinct 06-023,Anne Arundel Precinct 06-030
552,Anne Arundel Precinct 06-024,Anne Arundel Precinct 06-025
553,Anne Arundel Precinct 06-024,Anne Arundel Precinct 06-030
554,Anne Arundel Precinct 06-025,Anne Arundel Precinct 06-030
555,Anne Arundel Precinct 06-027,Anne Arundel Precinct 06-028
556,Anne Arundel Precinct 06-027,Anne Arundel Precinct 06-031
557,Anne Arundel Precinct 06-028,Anne Arundel Precinct 07-013
558,Anne Arundel Precinct 06-028,Anne Arundel Precinct 07-022
559,Anne Arundel Precinct 07-001,Anne Arundel Precinct 07-002
560,Anne Arundel Precinct 07-001,Anne Arundel Precinct 07-021
561,Anne Arundel Precinct 07-001,Calvert Precinct 03-001
562,Anne Arundel Precinct 07-001,Calvert Precinct 03-004
563,Anne Arundel Precinct 07-001,Calvert Precinct 03-005
564,Anne Arundel Precinct 07-002,Anne Arundel Precinct 07-003
565,Anne Arundel Precinct 07-002,Anne Arundel Precinct 07-021
566,Anne Arundel Precinct 07-002,Anne Arundel Precinct 07-025
567,Anne Arundel Precinct 07-003,Anne Arundel Precinct 07-025
568,Anne Arundel Precinct 07-004,Anne Arundel Precinct 07-007
569,Anne Arundel Precinct 07-004,Anne Arundel Precinct 07-008
570,Anne Arundel Precinct 07-004,Anne Arundel Precinct 07-021
571,Anne Arundel Precinct 07-004,Anne Arundel Precinct 07-025
572,Anne Arundel Precinct 07-004,Anne Arundel Precinct 07-027
573,Anne Arundel Precinct 07-005,Anne Arundel Precinct 07-011
574,Anne Arundel Precinct 07-005,Anne Arundel Precinct 07-019
575,Anne Arundel Precinct 07-005,Anne Arundel Precinct 07-023
576,Anne Arundel Precinct 07-006,Anne Arundel Precinct 07-010
577,Anne Arundel Precinct 07-006,Anne Arundel Precinct 07-019
578,Anne Arundel Precinct 07-007,Anne Arundel Precinct 07-008
579,Anne Arundel Precinct 07-007,Anne Arundel Precinct 07-011
580,Anne Arundel Precinct 07-007,Anne Arundel Precinct 07-022
581,Anne Arundel Precinct 07-007,Anne Arundel Precinct 07-026
582,Anne Arundel Precinct 07-007,Anne Arundel Precinct 07-027
583,Anne Arundel Precinct 07-007,Prince George's Precinct 03-002
584,Anne Arundel Precinct 07-007,Prince George's Precinct 07-006
585,Anne Arundel Precinct 07-007,Prince George's Precinct 07-007
586,Anne Arundel Precinct 07-008,Anne Arundel Precinct 07-009
587,Anne Arundel Precinct 07-008,Anne Arundel Precinct 07-021
588,Anne Arundel Precinct 07-008,Prince George's Precinct 03-002
589,Anne Arundel Precinct 07-008,Prince George's Precinct 07-006
590,Anne Arundel Precinct 07-009,Anne Arundel Precinct 07-021
591,Anne Arundel Precinct 07-009,Calvert Precinct 03-006
592,Anne Arundel Precinct 07-009,Calvert Precinct 03-007
593,Anne Arundel Precinct 07-009,Prince George's Precinct 03-001
594,Anne Arundel Precinct 07-009,Prince George's Precinct 03-002
595,Anne Arundel Precinct 07-010,Anne Arundel Precinct 07-019
596,Anne Arundel Precinct 07-010,Anne Arundel Precinct 07-027
597,Anne Arundel Precinct 07-011,Anne Arundel Precinct 07-019
598,Anne Arundel Precinct 07-011,Anne Arundel Precinct 07-022
599,Anne Arundel Precinct 07-011,Anne Arundel Precinct 07-023
600,Anne Arundel Precinct 07-011,Anne Arundel Precinct 07-027
601,Anne Arundel Precinct 07-012,Anne Arundel Precinct 07-022
602,Anne Arundel Precinct 07-012,Anne Arundel Precinct 07-023
603,Anne Arundel Precinct 07-013,Anne Arundel Precinct 07-017
604,Anne Arundel Precinct 07-013,Anne Arundel Precinct 07-020
605,Anne Arundel Precinct 07-013,Anne Arundel Precinct 07-022
606,Anne Arundel Precinct 07-013,Anne Arundel Precinct 07-024
607,Anne Arundel Precinct 07-013,Anne Arundel Precinct 07-026
608,Anne Arundel Precinct 07-014,Anne Arundel Precinct 07-015
609,Anne Arundel Precinct 07-014,Anne Arundel Precinct 07-016
610,Anne Arundel Precinct 07-014,Anne Arundel Precinct 07-026
611,Anne Arundel Precinct 07-015,Anne Arundel Precinct 07-016
612,Anne Arundel Precinct 07-015,Anne Arundel Precinct 07-017
613,Anne Arundel Precinct 07-015,Anne Arundel Precinct 07-018
614,Anne Arundel Precinct 07-015,Anne Arundel Precinct 07-026
615,Anne Arundel Precinct 07-016,Anne Arundel Precinct 07-018
616,Anne Arundel Precinct 07-017,Anne Arundel Precinct 07-018
617,Anne Arundel Precinct 07-017,Anne Arundel Precinct 07-020
618,Anne Arundel Precinct 07-017,Anne Arundel Precinct 07-026
619,Anne Arundel Precinct 07-018,Anne Arundel Precinct 07-020
620,Anne Arundel Precinct 07-018,Anne Arundel Precinct 07-024
621,Anne Arundel Precinct 07-019,Anne Arundel Precinct 07-027
622,Anne Arundel Precinct 07-020,Anne Arundel Precinct 07-024
623,Anne Arundel Precinct 07-021,Anne Arundel Precinct 07-025
624,Anne Arundel Precinct 07-021,Calvert Precinct 03-005
625,Anne Arundel Precinct 07-021,Calvert Precinct 03-007
626,Anne Arundel Precinct 07-022,Anne Arundel Precinct 07-023
627,Anne Arundel Precinct 07-022,Anne Arundel Precinct 07-026
628,Anne Arundel Precinct 07-026,Prince George's Precinct 07-004
629,Anne Arundel Precinct 07-026,Prince George's Precinct 07-007
630,Baltimore City Precinct 01-001,Baltimore City Precinct 01-002
631,Baltimore City Precinct 01-001,Baltimore City Precinct 01-003
632,Baltimore City Precinct 01-001,Baltimore City Precinct 01-005
633,Baltimore City Precinct 01-001,Baltimore City Precinct 06-004
634,Baltimore City Precinct 01-001,Baltimore City Precinct 06-005
635,Baltimore City Precinct 01-001,Baltimore City Precinct 26-009
636,Baltimore City Precinct 01-001,Baltimore City Precinct 26-010
637,Baltimore City Precinct 01-002,Baltimore City Precinct 01-003
638,Baltimore City Precinct 01-002,Baltimore City Precinct 02-001
639,Baltimore City Precinct 01-002,Baltimore City Precinct 02-002
640,Baltimore City Precinct 01-002,Baltimore City Precinct 02-003
641,Baltimore City Precinct 01-002,Baltimore City Precinct 06-004
642,Baltimore City Precinct 01-002,Baltimore City Precinct 06-005
643,Baltimore City Precinct 01-003,Baltimore City Precinct 01-004
644,Baltimore City Precinct 01-003,Baltimore City Precinct 01-005
645,Baltimore City Precinct 01-004,Baltimore City Precinct 01-005
646,Baltimore City Precinct 01-004,Baltimore City Precinct 26-008
647,Baltimore City Precinct 01-004,Baltimore City Precinct 26-009
648,Baltimore City Precinct 01-005,Baltimore City Precinct 26-009
649,Baltimore City Precinct 01-005,Baltimore City Precinct 26-010
650,Baltimore City Precinct 02-001,Baltimore City Precinct 02-002
651,Baltimore City Precinct 02-001,Baltimore City Precinct 03-001
652,Baltimore City Precinct 02-001,Baltimore City Precinct 06-004
653,Baltimore City Precinct 02-002,Baltimore City Precinct 02-003
654,Baltimore City Precinct 02-002,Baltimore City Precinct 03-001
655,Baltimore City Precinct 02-002,Baltimore City Precinct 03-003
656,Baltimore City Precinct 02-003,Baltimore City Precinct 03-003
657,Baltimore City Precinct 03-001,Baltimore City Precinct 03-002
658,Baltimore City Precinct 03-001,Baltimore City Precinct 03-003
659,Baltimore City Precinct 03-001,Baltimore City Precinct 05-001
660,Baltimore City Precinct 03-001,Baltimore City Precinct 06-003
661,Baltimore City Precinct 03-001,Baltimore City Precinct 06-004
662,Baltimore City Precinct 03-002,Baltimore City Precinct 03-003
663,Baltimore City Precinct 03-002,Baltimore City Precinct 04-001
664,Baltimore City Precinct 03-002,Baltimore City Precinct 05-001
665,Baltimore City Precinct 03-003,Baltimore City Precinct 04-001
666,Baltimore City Precinct 04-001,Baltimore City Precinct 04-002
667,Baltimore City Precinct 04-001,Baltimore City Precinct 05-001
668,Baltimore City Precinct 04-001,Baltimore City Precinct 11-006
669,Baltimore City Precinct 04-001,Baltimore City Precinct 22-001
670,Baltimore City Precinct 04-001,Baltimore City Precinct 22-002
671,Baltimore City Precinct 04-002,Baltimore City Precinct 04-003
672,Baltimore City Precinct 04-002,Baltimore City Precinct 11-006
673,Baltimore City Precinct 04-002,Baltimore City Precinct 17-001
674,Baltimore City Precinct 04-002,Baltimore City Precinct 17-002
675,Baltimore City Precinct 04-002,Baltimore City Precinct 18-001
676,Baltimore City Precinct 04-002,Baltimore City Precinct 18-002
677,Baltimore City Precinct 04-002,Baltimore City Precinct 21-001
678,Baltimore City Precinct 04-002,Baltimore City Precinct 21-002
679,Baltimore City Precinct 04-002,Baltimore City Precinct 22-002
680,Baltimore City Precinct 04-003,Baltimore City Precinct 17-001
681,Baltimore City Precinct 04-003,Baltimore City Precinct 17-002
682,Baltimore City Precinct 04-003,Baltimore City Precinct 18-001
683,Baltimore City Precinct 04-003,Baltimore City Precinct 18-002
684,Baltimore City Precinct 05-001,Baltimore City Precinct 05-002
685,Baltimore City Precinct 05-001,Baltimore City Precinct 06-003
686,Baltimore City Precinct 05-001,Baltimore City Precinct 06-004
687,Baltimore City Precinct 05-001,Baltimore City Precinct 10-002
688,Baltimore City Precinct 05-001,Baltimore City Precinct 10-003
689,Baltimore City Precinct 05-001,Baltimore City Precinct 11-006
690,Baltimore City Precinct 05-002,Baltimore City Precinct 06-003
691,Baltimore City Precinct 05-002,Baltimore City Precinct 07-001
692,Baltimore City Precinct 05-002,Baltimore City Precinct 10-002
693,Baltimore City Precinct 06-001,Baltimore City Precinct 06-002
694,Baltimore City Precinct 06-001,Baltimore City Precinct 06-005
695,Baltimore City Precinct 06-001,Baltimore City Precinct 07-003
696,Baltimore City Precinct 06-001,Baltimore City Precinct 07-004
697,Baltimore City Precinct 06-001,Baltimore City Precinct 26-010
698,Baltimore City Precinct 06-001,Baltimore City Precinct 26-012
699,Baltimore City Precinct 06-002,Baltimore City Precinct 06-003
700,Baltimore City Precinct 06-002,Baltimore City Precinct 06-004
701,Baltimore City Precinct 06-002,Baltimore City Precinct 06-005
702,Baltimore City Precinct 06-002,Baltimore City Precinct 07-003
703,Baltimore City Precinct 06-003,Baltimore City Precinct 06-004
704,Baltimore City Precinct 06-003,Baltimore City Precinct 07-001
705,Baltimore City Precinct 06-003,Baltimore City Precinct 07-002
706,Baltimore City Precinct 06-003,Baltimore City Precinct 07-003
707,Baltimore City Precinct 06-004,Baltimore City Precinct 06-005
708,Baltimore City Precinct 06-005,Baltimore City Precinct 26-010
709,Baltimore City Precinct 07-001,Baltimore City Precinct 07-002
710,Baltimore City Precinct 07-001,Baltimore City Precinct 08-007
711,Baltimore City Precinct 07-001,Baltimore City Precinct 10-001
712,Baltimore City Precinct 07-001,Baltimore City Precinct 10-002
713,Baltimore City Precinct 07-002,Baltimore City Precinct 07-003
714,Baltimore City Precinct 07-002,Baltimore City Precinct 08-007
715,Baltimore City Precinct 07-002,Baltimore City Precinct 08-008
716,Baltimore City Precinct 07-003,Baltimore City Precinct 07-004
717,Baltimore City Precinct 07-003,Baltimore City Precinct 08-008
718,Baltimore City Precinct 07-003,Baltimore City Precinct 08-010
719,Baltimore City Precinct 07-004,Baltimore City Precinct 08-008
720,Baltimore City Precinct 07-004,Baltimore City Precinct 08-010
721,Baltimore City Precinct 07-004,Baltimore City Precinct 26-012
722,Baltimore City Precinct 07-004,Baltimore City Precinct 26-013
723,Baltimore City Precinct 08-001,Baltimore City Precinct 08-002
724,Baltimore City Precinct 08-001,Baltimore City Precinct 08-004
725,Baltimore City Precinct 08-001,Baltimore City Precinct 09-007
726,Baltimore City Precinct 08-001,Baltimore City Precinct 26-021
727,Baltimore City Precinct 08-001,Baltimore City Precinct 26-022
728,Baltimore City Precinct 08-001,Baltimore City Precinct 27-001
729,Baltimore City Precinct 08-001,Baltimore City Precinct 27-002
730,Baltimore City Precinct 08-001,Baltimore City Precinct 27-018
731,Baltimore City Precinct 08-002,Baltimore City Precinct 08-003
732,Baltimore City Precinct 08-002,Baltimore City Precinct 08-004
733,Baltimore City Precinct 08-002,Baltimore City Precinct 26-020
734,Baltimore City Precinct 08-002,Baltimore City Precinct 26-021
735,Baltimore City Precinct 08-003,Baltimore City Precinct 08-004
736,Baltimore City Precinct 08-003,Baltimore City Precinct 08-011
737,Baltimore City Precinct 08-003,Baltimore City Precinct 26-013
738,Baltimore City Precinct 08-003,Baltimore City Precinct 26-019
739,Baltimore City Precinct 08-003,Baltimore City Precinct 26-020
740,Baltimore City Precinct 08-004,Baltimore City Precinct 08-005
741,Baltimore City Precinct 08-004,Baltimore City Precinct 08-011
742,Baltimore City Precinct 08-004,Baltimore City Precinct 09-007
743,Baltimore City Precinct 08-004,Baltimore City Precinct 09-008
744,Baltimore City Precinct 08-004,Baltimore City Precinct 09-012
745,Baltimore City Precinct 08-004,Baltimore City Precinct 09-013
746,Baltimore City Precinct 08-005,Baltimore City Precinct 08-006
747,Baltimore City Precinct 08-005,Baltimore City Precinct 08-009
748,Baltimore City Precinct 08-005,Baltimore City Precinct 08-011
749,Baltimore City Precinct 08-005,Baltimore City Precinct 09-013
750,Baltimore City Precinct 08-005,Baltimore City Precinct 09-015
751,Baltimore City Precinct 08-006,Baltimore City Precinct 08-007
752,Baltimore City Precinct 08-006,Baltimore City Precinct 08-009
753,Baltimore City Precinct 08-006,Baltimore City Precinct 09-015
754,Baltimore City Precinct 08-006,Baltimore City Precinct 10-001
755,Baltimore City Precinct 08-007,Baltimore City Precinct 08-008
756,Baltimore City Precinct 08-007,Baltimore City Precinct 08-009
757,Baltimore City Precinct 08-007,Baltimore City Precinct 09-015
758,Baltimore City Precinct 08-007,Baltimore City Precinct 10-001
759,Baltimore City Precinct 08-008,Baltimore City Precinct 08-009
760,Baltimore City Precinct 08-008,Baltimore City Precinct 08-010
761,Baltimore City Precinct 08-009,Baltimore City Precinct 08-010
762,Baltimore City Precinct 08-009,Baltimore City Precinct 08-011
763,Baltimore City Precinct 08-010,Baltimore City Precinct 08-011
764,Baltimore City Precinct 08-010,Baltimore City Precinct 26-013
765,Baltimore City Precinct 08-011,Baltimore City Precinct 26-013
766,Baltimore City Precinct 09-001,Baltimore City Precinct 09-002
767,Baltimore City Precinct 09-001,Baltimore City Precinct 09-005
768,Baltimore City Precinct 09-001,Baltimore City Precinct 12-002
769,Baltimore City Precinct 09-001,Baltimore City Precinct 27-026
770,Baltimore City Precinct 09-001,Baltimore City Precinct 27-035
771,Baltimore City Precinct 09-001,Baltimore City Precinct 27-036
772,Baltimore City Precinct 09-001,Baltimore City Precinct 27-037
773,Baltimore City Precinct 09-002,Baltimore City Precinct 09-003
774,Baltimore City Precinct 09-002,Baltimore City Precinct 09-004
775,Baltimore City Precinct 09-002,Baltimore City Precinct 09-005
776,Baltimore City Precinct 09-002,Baltimore City Precinct 12-002
777,Baltimore City Precinct 09-003,Baltimore City Precinct 09-004
778,Baltimore City Precinct 09-003,Baltimore City Precinct 09-010
779,Baltimore City Precinct 09-003,Baltimore City Precinct 12-002
780,Baltimore City Precinct 09-003,Baltimore City Precinct 12-004
781,Baltimore City Precinct 09-003,Baltimore City Precinct 12-005
782,Baltimore City Precinct 09-004,Baltimore City Precinct 09-005
783,Baltimore City Precinct 09-004,Baltimore City Precinct 09-006
784,Baltimore City Precinct 09-004,Baltimore City Precinct 09-007
785,Baltimore City Precinct 09-004,Baltimore City Precinct 09-009
786,Baltimore City Precinct 09-004,Baltimore City Precinct 09-010
787,Baltimore City Precinct 09-005,Baltimore City Precinct 09-006
788,Baltimore City Precinct 09-005,Baltimore City Precinct 27-025
789,Baltimore City Precinct 09-005,Baltimore City Precinct 27-026
790,Baltimore City Precinct 09-005,Baltimore City Precinct 27-035
791,Baltimore City Precinct 09-006,Baltimore City Precinct 09-007
792,Baltimore City Precinct 09-006,Baltimore City Precinct 09-009
793,Baltimore City Precinct 09-006,Baltimore City Precinct 27-018
794,Baltimore City Precinct 09-006,Baltimore City Precinct 27-025
795,Baltimore City Precinct 09-006,Baltimore City Precinct 27-026
796,Baltimore City Precinct 09-007,Baltimore City Precinct 09-008
797,Baltimore City Precinct 09-007,Baltimore City Precinct 09-009
798,Baltimore City Precinct 09-007,Baltimore City Precinct 27-018
799,Baltimore City Precinct 09-007,Baltimore City Precinct 27-025
800,Baltimore City Precinct 09-008,Baltimore City Precinct 09-009
801,Baltimore City Precinct 09-008,Baltimore City Precinct 09-012
802,Baltimore City Precinct 09-009,Baltimore City Precinct 09-010
803,Baltimore City Precinct 09-009,Baltimore City Precinct 09-011
804,Baltimore City Precinct 09-009,Baltimore City Precinct 09-012
805,Baltimore City Precinct 09-010,Baltimore City Precinct 09-011
806,Baltimore City Precinct 09-010,Baltimore City Precinct 12-004
807,Baltimore City Precinct 09-010,Baltimore City Precinct 12-005
808,Baltimore City Precinct 09-010,Baltimore City Precinct 12-007
809,Baltimore City Precinct 09-011,Baltimore City Precinct 09-012
810,Baltimore City Precinct 09-011,Baltimore City Precinct 09-013
811,Baltimore City Precinct 09-011,Baltimore City Precinct 09-014
812,Baltimore City Precinct 09-011,Baltimore City Precinct 12-007
813,Baltimore City Precinct 09-011,Baltimore City Precinct 12-010
814,Baltimore City Precinct 09-012,Baltimore City Precinct 09-013
815,Baltimore City Precinct 09-012,Baltimore City Precinct 09-014
816,Baltimore City Precinct 09-013,Baltimore City Precinct 09-014
817,Baltimore City Precinct 09-013,Baltimore City Precinct 09-015
818,Baltimore City Precinct 09-014,Baltimore City Precinct 09-015
819,Baltimore City Precinct 09-014,Baltimore City Precinct 12-007
820,Baltimore City Precinct 09-014,Baltimore City Precinct 12-010
821,Baltimore City Precinct 09-014,Baltimore City Precinct 12-011
822,Baltimore City Precinct 09-014,Baltimore City Precinct 12-012
823,Baltimore City Precinct 09-015,Baltimore City Precinct 10-001
824,Baltimore City Precinct 09-015,Baltimore City Precinct 10-004
825,Baltimore City Precinct 09-015,Baltimore City Precinct 12-011
826,Baltimore City Precinct 09-015,Baltimore City Precinct 12-012
827,Baltimore City Precinct 10-001,Baltimore City Precinct 10-002
828,Baltimore City Precinct 10-001,Baltimore City Precinct 10-003
829,Baltimore City Precinct 10-001,Baltimore City Precinct 10-004
830,Baltimore City Precinct 10-002,Baltimore City Precinct 10-003
831,Baltimore City Precinct 10-003,Baltimore City Precinct 10-004
832,Baltimore City Precinct 10-003,Baltimore City Precinct 11-006
833,Baltimore City Precinct 10-003,Baltimore City Precinct 11-007
834,Baltimore City Precinct 10-004,Baltimore City Precinct 11-001
835,Baltimore City Precinct 10-004,Baltimore City Precinct 11-007
836,Baltimore City Precinct 10-004,Baltimore City Precinct 12-012
837,Baltimore City Precinct 11-001,Baltimore City Precinct 11-002
838,Baltimore City Precinct 11-001,Baltimore City Precinct 11-007
839,Baltimore City Precinct 11-001,Baltimore City Precinct 12-012
840,Baltimore City Precinct 11-002,Baltimore City Precinct 11-003
841,Baltimore City Precinct 11-002,Baltimore City Precinct 11-005
842,Baltimore City Precinct 11-002,Baltimore City Precinct 11-007
843,Baltimore City Precinct 11-002,Baltimore City Precinct 12-012
844,Baltimore City Precinct 11-003,Baltimore City Precinct 11-004
845,Baltimore City Precinct 11-003,Baltimore City Precinct 11-005
846,Baltimore City Precinct 11-003,Baltimore City Precinct 12-012
847,Baltimore City Precinct 11-003,Baltimore City Precinct 14-001
848,Baltimore City Precinct 11-003,Baltimore City Precinct 14-002
849,Baltimore City Precinct 11-004,Baltimore City Precinct 11-005
850,Baltimore City Precinct 11-004,Baltimore City Precinct 11-006
851,Baltimore City Precinct 11-004,Baltimore City Precinct 14-002
852,Baltimore City Precinct 11-004,Baltimore City Precinct 14-003
853,Baltimore City Precinct 11-004,Baltimore City Precinct 17-001
854,Baltimore City Precinct 11-005,Baltimore City Precinct 11-006
855,Baltimore City Precinct 11-005,Baltimore City Precinct 11-007
856,Baltimore City Precinct 11-006,Baltimore City Precinct 11-007
857,Baltimore City Precinct 11-006,Baltimore City Precinct 17-001
858,Baltimore City Precinct 12-001,Baltimore City Precinct 12-002
859,Baltimore City Precinct 12-001,Baltimore City Precinct 12-003
860,Baltimore City Precinct 12-001,Baltimore City Precinct 13-001
861,Baltimore City Precinct 12-001,Baltimore City Precinct 27-037
862,Baltimore City Precinct 12-001,Baltimore City Precinct 27-046
863,Baltimore City Precinct 12-002,Baltimore City Precinct 12-003
864,Baltimore City Precinct 12-002,Baltimore City Precinct 12-004
865,Baltimore City Precinct 12-002,Baltimore City Precinct 27-037
866,Baltimore City Precinct 12-003,Baltimore City Precinct 12-004
867,Baltimore City Precinct 12-003,Baltimore City Precinct 12-005
868,Baltimore City Precinct 12-003,Baltimore City Precinct 12-006
869,Baltimore City Precinct 12-003,Baltimore City Precinct 12-008
870,Baltimore City Precinct 12-003,Baltimore City Precinct 12-009
871,Baltimore City Precinct 12-003,Baltimore City Precinct 13-001
872,Baltimore City Precinct 12-003,Baltimore City Precinct 13-011
873,Baltimore City Precinct 12-004,Baltimore City Precinct 12-005
874,Baltimore City Precinct 12-005,Baltimore City Precinct 12-006
875,Baltimore City Precinct 12-005,Baltimore City Precinct 12-007
876,Baltimore City Precinct 12-006,Baltimore City Precinct 12-007
877,Baltimore City Precinct 12-006,Baltimore City Precinct 12-008
878,Baltimore City Precinct 12-007,Baltimore City Precinct 12-008
879,Baltimore City Precinct 12-007,Baltimore City Precinct 12-010
880,Baltimore City Precinct 12-008,Baltimore City Precinct 12-009
881,Baltimore City Precinct 12-008,Baltimore City Precinct 12-010
882,Baltimore City Precinct 12-009,Baltimore City Precinct 12-010
883,Baltimore City Precinct 12-009,Baltimore City Precinct 12-011
884,Baltimore City Precinct 12-009,Baltimore City Precinct 13-010
885,Baltimore City Precinct 12-009,Baltimore City Precinct 13-011
886,Baltimore City Precinct 12-010,Baltimore City Precinct 12-011
887,Baltimore City Precinct 12-011,Baltimore City Precinct 12-012
888,Baltimore City Precinct 12-011,Baltimore City Precinct 13-010
889,Baltimore City Precinct 12-012,Baltimore City Precinct 13-010
890,Baltimore City Precinct 12-012,Baltimore City Precinct 14-001
891,Baltimore City Precinct 13-001,Baltimore City Precinct 13-002
892,Baltimore City Precinct 13-001,Baltimore City Precinct 13-011
893,Baltimore City Precinct 13-001,Baltimore City Precinct 13-012
894,Baltimore City Precinct 13-001,Baltimore City Precinct 27-046
895,Baltimore City Precinct 13-001,Baltimore City Precinct 27-047
896,Baltimore City Precinct 13-002,Baltimore City Precinct 13-003
897,Baltimore City Precinct 13-002,Baltimore City Precinct 13-004
898,Baltimore City Precinct 13-002,Baltimore City Precinct 13-012
899,Baltimore City Precinct 13-002,Baltimore City Precinct 27-047
900,Baltimore City Precinct 13-003,Baltimore City Precinct 13-004
901,Baltimore City Precinct 13-003,Baltimore City Precinct 13-005
902,Baltimore City Precinct 13-003,Baltimore City Precinct 13-006
903,Baltimore City Precinct 13-003,Baltimore City Precinct 13-010
904,Baltimore City Precinct 13-003,Baltimore City Precinct 13-011
905,Baltimore City Precinct 13-003,Baltimore City Precinct 13-012
906,Baltimore City Precinct 13-004,Baltimore City Precinct 13-005
907,Baltimore City Precinct 13-004,Baltimore City Precinct 27-047
908,Baltimore City Precinct 13-004,Baltimore City Precinct 27-048
909,Baltimore City Precinct 13-005,Baltimore City Precinct 13-006
910,Baltimore City Precinct 13-005,Baltimore City Precinct 15-023
911,Baltimore City Precinct 13-005,Baltimore City Precinct 27-047
912,Baltimore City Precinct 13-005,Baltimore City Precinct 27-048
913,Baltimore City Precinct 13-006,Baltimore City Precinct 13-007
914,Baltimore City Precinct 13-006,Baltimore City Precinct 13-008
915,Baltimore City Precinct 13-006,Baltimore City Precinct 13-009
916,Baltimore City Precinct 13-006,Baltimore City Precinct 13-010
917,Baltimore City Precinct 13-006,Baltimore City Precinct 15-020
918,Baltimore City Precinct 13-006,Baltimore City Precinct 15-021
919,Baltimore City Precinct 13-006,Baltimore City Precinct 15-023
920,Baltimore City Precinct 13-007,Baltimore City Precinct 13-008
921,Baltimore City Precinct 13-007,Baltimore City Precinct 14-005
922,Baltimore City Precinct 13-007,Baltimore City Precinct 15-019
923,Baltimore City Precinct 13-007,Baltimore City Precinct 15-020
924,Baltimore City Precinct 13-008,Baltimore City Precinct 13-009
925,Baltimore City Precinct 13-008,Baltimore City Precinct 13-010
926,Baltimore City Precinct 13-008,Baltimore City Precinct 14-005
927,Baltimore City Precinct 13-009,Baltimore City Precinct 13-010
928,Baltimore City Precinct 13-010,Baltimore City Precinct 13-011
929,Baltimore City Precinct 13-010,Baltimore City Precinct 14-001
930,Baltimore City Precinct 13-010,Baltimore City Precinct 14-002
931,Baltimore City Precinct 13-010,Baltimore City Precinct 14-004
932,Baltimore City Precinct 13-010,Baltimore City Precinct 14-005
933,Baltimore City Precinct 13-011,Baltimore City Precinct 13-012
934,Baltimore City Precinct 14-001,Baltimore City Precinct 14-002
935,Baltimore City Precinct 14-002,Baltimore City Precinct 14-003
936,Baltimore City Precinct 14-002,Baltimore City Precinct 14-004
937,Baltimore City Precinct 14-003,Baltimore City Precinct 14-004
938,Baltimore City Precinct 14-003,Baltimore City Precinct 15-019
939,Baltimore City Precinct 14-003,Baltimore City Precinct 16-001
940,Baltimore City Precinct 14-003,Baltimore City Precinct 16-002
941,Baltimore City Precinct 14-003,Baltimore City Precinct 17-001
942,Baltimore City Precinct 14-004,Baltimore City Precinct 14-005
943,Baltimore City Precinct 14-004,Baltimore City Precinct 15-019
944,Baltimore City Precinct 14-004,Baltimore City Precinct 16-001
945,Baltimore City Precinct 14-005,Baltimore City Precinct 15-019
946,Baltimore City Precinct 14-005,Baltimore City Precinct 15-020
947,Baltimore City Precinct 15-001,Baltimore City Precinct 15-002
948,Baltimore City Precinct 15-001,Baltimore City Precinct 15-003
949,Baltimore City Precinct 15-001,Baltimore City Precinct 15-025
950,Baltimore City Precinct 15-001,Baltimore City Precinct 28-003
951,Baltimore City Precinct 15-001,Baltimore City Precinct 28-004
952,Baltimore City Precinct 15-002,Baltimore City Precinct 15-003
953,Baltimore City Precinct 15-002,Baltimore City Precinct 15-009
954,Baltimore City Precinct 15-002,Baltimore City Precinct 28-004
955,Baltimore City Precinct 15-002,Baltimore City Precinct 28-007
956,Baltimore City Precinct 15-003,Baltimore City Precinct 15-004
957,Baltimore City Precinct 15-003,Baltimore City Precinct 15-008
958,Baltimore City Precinct 15-003,Baltimore City Precinct 15-009
959,Baltimore City Precinct 15-003,Baltimore City Precinct 15-024
960,Baltimore City Precinct 15-003,Baltimore City Precinct 15-025
961,Baltimore City Precinct 15-003,Baltimore City Precinct 28-003
962,Baltimore City Precinct 15-004,Baltimore City Precinct 15-005
963,Baltimore City Precinct 15-004,Baltimore City Precinct 15-008
964,Baltimore City Precinct 15-004,Baltimore City Precinct 15-024
965,Baltimore City Precinct 15-005,Baltimore City Precinct 15-006
966,Baltimore City Precinct 15-005,Baltimore City Precinct 15-007
967,Baltimore City Precinct 15-005,Baltimore City Precinct 15-008
968,Baltimore City Precinct 15-005,Baltimore City Precinct 15-021
969,Baltimore City Precinct 15-005,Baltimore City Precinct 15-022
970,Baltimore City Precinct 15-005,Baltimore City Precinct 15-024
971,Baltimore City Precinct 15-006,Baltimore City Precinct 15-007
972,Baltimore City Precinct 15-006,Baltimore City Precinct 15-008
973,Baltimore City Precinct 15-006,Baltimore City Precinct 15-011
974,Baltimore City Precinct 15-006,Baltimore City Precinct 15-012
975,Baltimore City Precinct 15-006,Baltimore City Precinct 15-013
976,Baltimore City Precinct 15-006,Baltimore City Precinct 15-014
977,Baltimore City Precinct 15-006,Baltimore City Precinct 15-020
978,Baltimore City Precinct 15-006,Baltimore City Precinct 15-021
979,Baltimore City Precinct 15-007,Baltimore City Precinct 15-008
980,Baltimore City Precinct 15-007,Baltimore City Precinct 15-009
981,Baltimore City Precinct 15-007,Baltimore City Precinct 15-010
982,Baltimore City Precinct 15-007,Baltimore City Precinct 15-011
983,Baltimore City Precinct 15-008,Baltimore City Precinct 15-009
984,Baltimore City Precinct 15-009,Baltimore City Precinct 15-010
985,Baltimore City Precinct 15-009,Baltimore City Precinct 28-007
986,Baltimore City Precinct 15-009,Baltimore City Precinct 28-008
987,Baltimore City Precinct 15-010,Baltimore City Precinct 15-011
988,Baltimore City Precinct 15-010,Baltimore City Precinct 28-008
989,Baltimore City Precinct 15-011,Baltimore City Precinct 15-012
990,Baltimore City Precinct 15-011,Baltimore City Precinct 16-012
991,Baltimore City Precinct 15-011,Baltimore City Precinct 16-014
992,Baltimore City Precinct 15-011,Baltimore City Precinct 28-008
993,Baltimore City Precinct 15-011,Baltimore City Precinct 28-009
994,Baltimore City Precinct 15-012,Baltimore City Precinct 15-013
995,Baltimore City Precinct 15-012,Baltimore City Precinct 16-012
996,Baltimore City Precinct 15-013,Baltimore City Precinct 15-014
997,Baltimore City Precinct 15-013,Baltimore City Precinct 15-015
998,Baltimore City Precinct 15-013,Baltimore City Precinct 16-011
999,Baltimore City Precinct 15-013,Baltimore City Precinct 16-012
1000,Baltimore City Precinct 15-014,Baltimore City Precinct 15-015
1001,Baltimore City Precinct 15-014,Baltimore City Precinct 15-016
1002,Baltimore City Precinct 15-014,Baltimore City Precinct 15-020
1003,Baltimore City Precinct 15-014,Baltimore City Precinct 15-021
1004,Baltimore City Precinct 15-015,Baltimore City Precinct 15-016
1005,Baltimore City Precinct 15-015,Baltimore City Precinct 15-020
1006,Baltimore City Precinct 15-015,Baltimore City Precinct 16-006
1007,Baltimore City Precinct 15-015,Baltimore City Precinct 16-011
1008,Baltimore City Precinct 15-016,Baltimore City Precinct 15-017
1009,Baltimore City Precinct 15-016,Baltimore City Precinct 15-020
1010,Baltimore City Precinct 15-016,Baltimore City Precinct 16-006
1011,Baltimore City Precinct 15-017,Baltimore City Precinct 15-018
1012,Baltimore City Precinct 15-017,Baltimore City Precinct 15-019
1013,Baltimore City Precinct 15-017,Baltimore City Precinct 15-020
1014,Baltimore City Precinct 15-017,Baltimore City Precinct 16-006
1015,Baltimore City Precinct 15-018,Baltimore City Precinct 15-019
1016,Baltimore City Precinct 15-018,Baltimore City Precinct 16-005
1017,Baltimore City Precinct 15-018,Baltimore City Precinct 16-006
1018,Baltimore City Precinct 15-019,Baltimore City Precinct 15-020
1019,Baltimore City Precinct 15-019,Baltimore City Precinct 16-001
1020,Baltimore City Precinct 15-019,Baltimore City Precinct 16-005
1021,Baltimore City Precinct 15-020,Baltimore City Precinct 15-021
1022,Baltimore City Precinct 15-021,Baltimore City Precinct 15-022
1023,Baltimore City Precinct 15-021,Baltimore City Precinct 15-023
1024,Baltimore City Precinct 15-022,Baltimore City Precinct 15-023
1025,Baltimore City Precinct 15-022,Baltimore City Precinct 15-024
1026,Baltimore City Precinct 15-023,Baltimore City Precinct 15-024
1027,Baltimore City Precinct 15-023,Baltimore City Precinct 27-048
1028,Baltimore City Precinct 15-024,Baltimore City Precinct 15-025
1029,Baltimore City Precinct 15-024,Baltimore City Precinct 27-048
1030,Baltimore City Precinct 15-024,Baltimore City Precinct 27-053
1031,Baltimore City Precinct 15-024,Baltimore City Precinct 27-054
1032,Baltimore City Precinct 15-025,Baltimore City Precinct 27-053
1033,Baltimore City Precinct 15-025,Baltimore City Precinct 27-054
1034,Baltimore City Precinct 15-025,Baltimore City Precinct 27-055
1035,Baltimore City Precinct 15-025,Baltimore City Precinct 28-003
1036,Baltimore City Precinct 16-001,Baltimore City Precinct 16-002
1037,Baltimore City Precinct 16-001,Baltimore City Precinct 16-003
1038,Baltimore City Precinct 16-001,Baltimore City Precinct 16-005
1039,Baltimore City Precinct 16-002,Baltimore City Precinct 16-003
1040,Baltimore City Precinct 16-002,Baltimore City Precinct 16-005
1041,Baltimore City Precinct 16-002,Baltimore City Precinct 17-001
1042,Baltimore City Precinct 16-002,Baltimore City Precinct 17-002
1043,Baltimore City Precinct 16-002,Baltimore City Precinct 18-001
1044,Baltimore City Precinct 16-002,Baltimore City Precinct 19-001
1045,Baltimore City Precinct 16-003,Baltimore City Precinct 16-004
1046,Baltimore City Precinct 16-003,Baltimore City Precinct 16-005
1047,Baltimore City Precinct 16-003,Baltimore City Precinct 19-001
1048,Baltimore City Precinct 16-003,Baltimore City Precinct 20-001
1049,Baltimore City Precinct 16-004,Baltimore City Precinct 16-005
1050,Baltimore City Precinct 16-004,Baltimore City Precinct 16-006
1051,Baltimore City Precinct 16-004,Baltimore City Precinct 16-007
1052,Baltimore City Precinct 16-004,Baltimore City Precinct 20-001
1053,Baltimore City Precinct 16-005,Baltimore City Precinct 16-006
1054,Baltimore City Precinct 16-006,Baltimore City Precinct 16-007
1055,Baltimore City Precinct 16-006,Baltimore City Precinct 16-008
1056,Baltimore City Precinct 16-006,Baltimore City Precinct 16-010
1057,Baltimore City Precinct 16-006,Baltimore City Precinct 16-011
1058,Baltimore City Precinct 16-007,Baltimore City Precinct 16-008
1059,Baltimore City Precinct 16-007,Baltimore City Precinct 20-001
1060,Baltimore City Precinct 16-008,Baltimore City Precinct 16-009
1061,Baltimore City Precinct 16-008,Baltimore City Precinct 16-010
1062,Baltimore City Precinct 16-008,Baltimore City Precinct 20-001
1063,Baltimore City Precinct 16-008,Baltimore City Precinct 20-004
1064,Baltimore City Precinct 16-009,Baltimore City Precinct 16-010
1065,Baltimore City Precinct 16-009,Baltimore City Precinct 16-011
1066,Baltimore City Precinct 16-009,Baltimore City Precinct 16-012
1067,Baltimore City Precinct 16-009,Baltimore City Precinct 20-004
1068,Baltimore City Precinct 16-010,Baltimore City Precinct 16-011
1069,Baltimore City Precinct 16-011,Baltimore City Precinct 16-012
1070,Baltimore City Precinct 16-012,Baltimore City Precinct 16-013
1071,Baltimore City Precinct 16-012,Baltimore City Precinct 16-014
1072,Baltimore City Precinct 16-012,Baltimore City Precinct 20-004
1073,Baltimore City Precinct 16-012,Baltimore City Precinct 20-005
1074,Baltimore City Precinct 16-012,Baltimore City Precinct 20-006
1075,Baltimore City Precinct 16-013,Baltimore City Precinct 16-014
1076,Baltimore City Precinct 16-013,Baltimore City Precinct 20-005
1077,Baltimore City Precinct 16-013,Baltimore City Precinct 20-006
1078,Baltimore City Precinct 16-014,Baltimore City Precinct 20-006
1079,Baltimore City Precinct 16-014,Baltimore City Precinct 28-009
1080,Baltimore City Precinct 16-014,Baltimore City Precinct 28-011
1081,Baltimore City Precinct 17-001,Baltimore City Precinct 17-002
1082,Baltimore City Precinct 17-002,Baltimore City Precinct 18-001
1083,Baltimore City Precinct 18-001,Baltimore City Precinct 18-002
1084,Baltimore City Precinct 18-001,Baltimore City Precinct 19-001
1085,Baltimore City Precinct 18-002,Baltimore City Precinct 19-001
1086,Baltimore City Precinct 18-002,Baltimore City Precinct 19-002
1087,Baltimore City Precinct 18-002,Baltimore City Precinct 21-002
1088,Baltimore City Precinct 18-002,Baltimore City Precinct 21-003
1089,Baltimore City Precinct 19-001,Baltimore City Precinct 19-002
1090,Baltimore City Precinct 19-001,Baltimore City Precinct 20-001
1091,Baltimore City Precinct 19-001,Baltimore City Precinct 20-002
1092,Baltimore City Precinct 19-002,Baltimore City Precinct 20-002
1093,Baltimore City Precinct 19-002,Baltimore City Precinct 20-011
1094,Baltimore City Precinct 19-002,Baltimore City Precinct 21-003
1095,Baltimore City Precinct 20-001,Baltimore City Precinct 20-002
1096,Baltimore City Precinct 20-001,Baltimore City Precinct 20-003
1097,Baltimore City Precinct 20-001,Baltimore City Precinct 20-004
1098,Baltimore City Precinct 20-002,Baltimore City Precinct 20-003
1099,Baltimore City Precinct 20-002,Baltimore City Precinct 20-011
1100,Baltimore City Precinct 20-003,Baltimore City Precinct 20-004
1101,Baltimore City Precinct 20-003,Baltimore City Precinct 20-005
1102,Baltimore City Precinct 20-003,Baltimore City Precinct 20-010
1103,Baltimore City Precinct 20-003,Baltimore City Precinct 20-011
1104,Baltimore City Precinct 20-004,Baltimore City Precinct 20-005
1105,Baltimore City Precinct 20-005,Baltimore City Precinct 20-006
1106,Baltimore City Precinct 20-005,Baltimore City Precinct 20-007
1107,Baltimore City Precinct 20-005,Baltimore City Precinct 20-008
1108,Baltimore City Precinct 20-005,Baltimore City Precinct 20-009
1109,Baltimore City Precinct 20-005,Baltimore City Precinct 20-010
1110,Baltimore City Precinct 20-006,Baltimore City Precinct 20-007
1111,Baltimore City Precinct 20-006,Baltimore City Precinct 28-011
1112,Baltimore City Precinct 20-006,Baltimore City Precinct 28-012
1113,Baltimore City Precinct 20-006,Baltimore City Precinct 28-013
1114,Baltimore City Precinct 20-007,Baltimore City Precinct 20-008
1115,Baltimore City Precinct 20-007,Baltimore City Precinct 25-002
1116,Baltimore City Precinct 20-007,Baltimore City Precinct 28-013
1117,Baltimore City Precinct 20-008,Baltimore City Precinct 20-009
1118,Baltimore City Precinct 20-008,Baltimore City Precinct 25-002
1119,Baltimore City Precinct 20-008,Baltimore City Precinct 25-003
1120,Baltimore City Precinct 20-009,Baltimore City Precinct 20-010
1121,Baltimore City Precinct 20-009,Baltimore City Precinct 25-003
1122,Baltimore City Precinct 20-009,Baltimore City Precinct 25-004
1123,Baltimore City Precinct 20-010,Baltimore City Precinct 20-011
1124,Baltimore City Precinct 20-010,Baltimore City Precinct 21-003
1125,Baltimore City Precinct 20-010,Baltimore City Precinct 25-004
1126,Baltimore City Precinct 20-011,Baltimore City Precinct 21-003
1127,Baltimore City Precinct 21-001,Baltimore City Precinct 21-002
1128,Baltimore City Precinct 21-001,Baltimore City Precinct 21-004
1129,Baltimore City Precinct 21-001,Baltimore City Precinct 22-002
1130,Baltimore City Precinct 21-001,Baltimore City Precinct 23-002
1131,Baltimore City Precinct 21-002,Baltimore City Precinct 21-003
1132,Baltimore City Precinct 21-002,Baltimore City Precinct 21-004
1133,Baltimore City Precinct 21-003,Baltimore City Precinct 21-004
1134,Baltimore City Precinct 21-003,Baltimore City Precinct 25-004
1135,Baltimore City Precinct 21-003,Baltimore City Precinct 25-006
1136,Baltimore City Precinct 21-004,Baltimore City Precinct 23-002
1137,Baltimore City Precinct 21-004,Baltimore City Precinct 25-006
1138,Baltimore City Precinct 21-004,Baltimore City Precinct 25-007
1139,Baltimore City Precinct 22-001,Baltimore City Precinct 22-002
1140,Baltimore City Precinct 22-002,Baltimore City Precinct 23-001
1141,Baltimore City Precinct 22-002,Baltimore City Precinct 23-002
1142,Baltimore City Precinct 22-002,Baltimore City Precinct 24-001
1143,Baltimore City Precinct 23-001,Baltimore City Precinct 23-002
1144,Baltimore City Precinct 23-001,Baltimore City Precinct 23-003
1145,Baltimore City Precinct 23-001,Baltimore City Precinct 24-001
1146,Baltimore City Precinct 23-001,Baltimore City Precinct 24-002
1147,Baltimore City Precinct 23-001,Baltimore City Precinct 24-004
1148,Baltimore City Precinct 23-002,Baltimore City Precinct 23-003
1149,Baltimore City Precinct 23-003,Baltimore City Precinct 24-004
1150,Baltimore City Precinct 24-001,Baltimore City Precinct 24-002
1151,Baltimore City Precinct 24-001,Baltimore City Precinct 24-003
1152,Baltimore City Precinct 24-002,Baltimore City Precinct 24-003
1153,Baltimore City Precinct 24-002,Baltimore City Precinct 24-004
1154,Baltimore City Precinct 24-003,Baltimore City Precinct 24-004
1155,Baltimore City Precinct 24-003,Baltimore City Precinct 24-005
1156,Baltimore City Precinct 24-004,Baltimore City Precinct 24-005
1157,Baltimore City Precinct 25-001,Baltimore City Precinct 25-002
1158,Baltimore City Precinct 25-001,Baltimore City Precinct 28-014
1159,Baltimore City Precinct 25-001,Baltimore City Precinct 28-015
1160,Baltimore City Precinct 25-001,Baltimore County Precinct 01-008
1161,Baltimore City Precinct 25-001,Baltimore County Precinct 01-016
1162,Baltimore City Precinct 25-002,Baltimore City Precinct 25-003
1163,Baltimore City Precinct 25-002,Baltimore City Precinct 28-013
1164,Baltimore City Precinct 25-002,Baltimore City Precinct 28-014
1165,Baltimore City Precinct 25-002,Baltimore County Precinct 01-016
1166,Baltimore City Precinct 25-002,Baltimore County Precinct 13-001
1167,Baltimore City Precinct 25-003,Baltimore City Precinct 25-004
1168,Baltimore City Precinct 25-003,Baltimore County Precinct 01-016
1169,Baltimore City Precinct 25-003,Baltimore County Precinct 13-001
1170,Baltimore City Precinct 25-003,Baltimore County Precinct 13-005
1171,Baltimore City Precinct 25-003,Baltimore County Precinct 13-006
1172,Baltimore City Precinct 25-004,Baltimore City Precinct 25-005
1173,Baltimore City Precinct 25-004,Baltimore City Precinct 25-006
1174,Baltimore City Precinct 25-004,Baltimore County Precinct 13-006
1175,Baltimore City Precinct 25-005,Baltimore City Precinct 25-006
1176,Baltimore City Precinct 25-005,Baltimore City Precinct 25-008
1177,Baltimore City Precinct 25-005,Baltimore County Precinct 13-006
1178,Baltimore City Precinct 25-005,Baltimore County Precinct 13-007
1179,Baltimore City Precinct 25-005,Baltimore County Precinct 13-008
1180,Baltimore City Precinct 25-006,Baltimore City Precinct 25-007
1181,Baltimore City Precinct 25-006,Baltimore City Precinct 25-008
1182,Baltimore City Precinct 25-007,Baltimore City Precinct 25-008
1183,Baltimore City Precinct 25-007,Baltimore City Precinct 25-010
1184,Baltimore City Precinct 25-008,Baltimore City Precinct 25-009
1185,Baltimore City Precinct 25-008,Baltimore City Precinct 25-010
1186,Baltimore City Precinct 25-008,Baltimore City Precinct 25-011
1187,Baltimore City Precinct 25-008,Baltimore City Precinct 25-013
1188,Baltimore City Precinct 25-008,Baltimore County Precinct 13-008
1189,Baltimore City Precinct 25-009,Baltimore City Precinct 25-010
1190,Baltimore City Precinct 25-010,Baltimore City Precinct 25-013
1191,Baltimore City Precinct 25-011,Baltimore City Precinct 25-012
1192,Baltimore City Precinct 25-011,Baltimore City Precinct 25-013
1193,Baltimore City Precinct 25-011,Baltimore County Precinct 13-008
1194,Baltimore City Precinct 25-012,Baltimore City Precinct 25-013
1195,Baltimore City Precinct 25-012,Baltimore City Precinct 25-014
1196,Baltimore City Precinct 25-012,Baltimore City Precinct 25-015
1197,Baltimore City Precinct 25-013,Baltimore City Precinct 25-014
1198,Baltimore City Precinct 25-013,Baltimore City Precinct 25-015
1199,Baltimore City Precinct 25-014,Baltimore City Precinct 25-015
1200,Baltimore City Precinct 25-015,Baltimore City Precinct 25-016
1201,Baltimore City Precinct 26-001,Baltimore City Precinct 26-002
1202,Baltimore City Precinct 26-001,Baltimore City Precinct 26-003
1203,Baltimore City Precinct 26-001,Baltimore City Precinct 26-008
1204,Baltimore City Precinct 26-001,Baltimore County Precinct 12-003
1205,Baltimore City Precinct 26-001,Baltimore County Precinct 12-009
1206,Baltimore City Precinct 26-002,Baltimore City Precinct 26-003
1207,Baltimore City Precinct 26-002,Baltimore City Precinct 26-006
1208,Baltimore City Precinct 26-002,Baltimore City Precinct 26-008
1209,Baltimore City Precinct 26-003,Baltimore City Precinct 26-004
1210,Baltimore City Precinct 26-003,Baltimore City Precinct 26-005
1211,Baltimore City Precinct 26-003,Baltimore City Precinct 26-006
1212,Baltimore City Precinct 26-003,Baltimore County Precinct 12-001
1213,Baltimore City Precinct 26-003,Baltimore County Precinct 12-003
1214,Baltimore City Precinct 26-003,Baltimore County Precinct 12-009
1215,Baltimore City Precinct 26-004,Baltimore City Precinct 26-005
1216,Baltimore City Precinct 26-004,Baltimore City Precinct 26-007
1217,Baltimore City Precinct 26-004,Baltimore County Precinct 12-001
1218,Baltimore City Precinct 26-004,Baltimore County Precinct 15-001
1219,Baltimore City Precinct 26-005,Baltimore City Precinct 26-006
1220,Baltimore City Precinct 26-005,Baltimore City Precinct 26-007
1221,Baltimore City Precinct 26-006,Baltimore City Precinct 26-007
1222,Baltimore City Precinct 26-006,Baltimore City Precinct 26-008
1223,Baltimore City Precinct 26-007,Baltimore City Precinct 26-008
1224,Baltimore City Precinct 26-007,Baltimore City Precinct 26-009
1225,Baltimore City Precinct 26-007,Baltimore City Precinct 26-011
1226,Baltimore City Precinct 26-007,Baltimore County Precinct 12-001
1227,Baltimore City Precinct 26-007,Baltimore County Precinct 15-001
1228,Baltimore City Precinct 26-007,Baltimore County Precinct 15-002
1229,Baltimore City Precinct 26-008,Baltimore City Precinct 26-009
1230,Baltimore City Precinct 26-009,Baltimore City Precinct 26-010
1231,Baltimore City Precinct 26-009,Baltimore City Precinct 26-011
1232,Baltimore City Precinct 26-010,Baltimore City Precinct 26-011
1233,Baltimore City Precinct 26-010,Baltimore City Precinct 26-012
1234,Baltimore City Precinct 26-011,Baltimore City Precinct 26-012
1235,Baltimore City Precinct 26-011,Baltimore City Precinct 26-013
1236,Baltimore City Precinct 26-011,Baltimore City Precinct 26-014
1237,Baltimore City Precinct 26-011,Baltimore City Precinct 26-029
1238,Baltimore City Precinct 26-011,Baltimore County Precinct 14-011
1239,Baltimore City Precinct 26-011,Baltimore County Precinct 15-001
1240,Baltimore City Precinct 26-011,Baltimore County Precinct 15-002
1241,Baltimore City Precinct 26-012,Baltimore City Precinct 26-013
1242,Baltimore City Precinct 26-013,Baltimore City Precinct 26-014
1243,Baltimore City Precinct 26-013,Baltimore City Precinct 26-016
1244,Baltimore City Precinct 26-013,Baltimore City Precinct 26-017
1245,Baltimore City Precinct 26-013,Baltimore City Precinct 26-019
1246,Baltimore City Precinct 26-014,Baltimore City Precinct 26-015
1247,Baltimore City Precinct 26-014,Baltimore City Precinct 26-016
1248,Baltimore City Precinct 26-014,Baltimore City Precinct 26-017
1249,Baltimore City Precinct 26-014,Baltimore City Precinct 26-029
1250,Baltimore City Precinct 26-015,Baltimore City Precinct 26-016
1251,Baltimore City Precinct 26-015,Baltimore City Precinct 26-028
1252,Baltimore City Precinct 26-015,Baltimore City Precinct 26-029
1253,Baltimore City Precinct 26-016,Baltimore City Precinct 26-017
1254,Baltimore City Precinct 26-016,Baltimore City Precinct 26-018
1255,Baltimore City Precinct 26-016,Baltimore City Precinct 26-024
1256,Baltimore City Precinct 26-016,Baltimore City Precinct 26-025
1257,Baltimore City Precinct 26-016,Baltimore City Precinct 26-028
1258,Baltimore City Precinct 26-017,Baltimore City Precinct 26-018
1259,Baltimore City Precinct 26-017,Baltimore City Precinct 26-019
1260,Baltimore City Precinct 26-017,Baltimore City Precinct 26-024
1261,Baltimore City Precinct 26-018,Baltimore City Precinct 26-019
1262,Baltimore City Precinct 26-018,Baltimore City Precinct 26-021
1263,Baltimore City Precinct 26-018,Baltimore City Precinct 26-024
1264,Baltimore City Precinct 26-019,Baltimore City Precinct 26-020
1265,Baltimore City Precinct 26-019,Baltimore City Precinct 26-021
1266,Baltimore City Precinct 26-020,Baltimore City Precinct 26-021
1267,Baltimore City Precinct 26-021,Baltimore City Precinct 26-022
1268,Baltimore City Precinct 26-021,Baltimore City Precinct 26-024
1269,Baltimore City Precinct 26-022,Baltimore City Precinct 26-023
1270,Baltimore City Precinct 26-022,Baltimore City Precinct 26-024
1271,Baltimore City Precinct 26-022,Baltimore City Precinct 27-001
1272,Baltimore City Precinct 26-023,Baltimore City Precinct 26-024
1273,Baltimore City Precinct 26-023,Baltimore City Precinct 26-025
1274,Baltimore City Precinct 26-023,Baltimore City Precinct 26-026
1275,Baltimore City Precinct 26-023,Baltimore City Precinct 27-001
1276,Baltimore City Precinct 26-024,Baltimore City Precinct 26-025
1277,Baltimore City Precinct 26-025,Baltimore City Precinct 26-026
1278,Baltimore City Precinct 26-025,Baltimore City Precinct 26-028
1279,Baltimore City Precinct 26-026,Baltimore City Precinct 26-027
1280,Baltimore City Precinct 26-026,Baltimore City Precinct 26-028
1281,Baltimore City Precinct 26-026,Baltimore City Precinct 27-001
1282,Baltimore City Precinct 26-026,Baltimore City Precinct 27-006
1283,Baltimore City Precinct 26-027,Baltimore City Precinct 26-028
1284,Baltimore City Precinct 26-027,Baltimore City Precinct 26-029
1285,Baltimore City Precinct 26-027,Baltimore City Precinct 27-006
1286,Baltimore City Precinct 26-028,Baltimore City Precinct 26-029
1287,Baltimore City Precinct 26-029,Baltimore City Precinct 26-030
1288,Baltimore City Precinct 26-029,Baltimore City Precinct 27-006
1289,Baltimore City Precinct 26-029,Baltimore County Precinct 14-007
1290,Baltimore City Precinct 26-029,Baltimore County Precinct 14-008
1291,Baltimore City Precinct 26-029,Baltimore County Precinct 14-011
1292,Baltimore City Precinct 26-029,Baltimore County Precinct 15-002
1293,Baltimore City Precinct 26-030,Baltimore City Precinct 26-031
1294,Baltimore City Precinct 26-030,Baltimore City Precinct 27-006
1295,Baltimore City Precinct 26-030,Baltimore City Precinct 27-007
1296,Baltimore City Precinct 26-030,Baltimore County Precinct 14-007
1297,Baltimore City Precinct 26-031,Baltimore City Precinct 27-007
1298,Baltimore City Precinct 26-031,Baltimore City Precinct 27-008
1299,Baltimore City Precinct 26-031,Baltimore County Precinct 14-006
1300,Baltimore City Precinct 26-031,Baltimore County Precinct 14-007
1301,Baltimore City Precinct 27-001,Baltimore City Precinct 27-002
1302,Baltimore City Precinct 27-001,Baltimore City Precinct 27-003
1303,Baltimore City Precinct 27-001,Baltimore City Precinct 27-004
1304,Baltimore City Precinct 27-001,Baltimore City Precinct 27-006
1305,Baltimore City Precinct 27-002,Baltimore City Precinct 27-003
1306,Baltimore City Precinct 27-002,Baltimore City Precinct 27-018
1307,Baltimore City Precinct 27-003,Baltimore City Precinct 27-004
1308,Baltimore City Precinct 27-003,Baltimore City Precinct 27-018
1309,Baltimore City Precinct 27-004,Baltimore City Precinct 27-005
1310,Baltimore City Precinct 27-004,Baltimore City Precinct 27-006
1311,Baltimore City Precinct 27-004,Baltimore City Precinct 27-017
1312,Baltimore City Precinct 27-004,Baltimore City Precinct 27-018
1313,Baltimore City Precinct 27-005,Baltimore City Precinct 27-006
1314,Baltimore City Precinct 27-005,Baltimore City Precinct 27-008
1315,Baltimore City Precinct 27-005,Baltimore City Precinct 27-009
1316,Baltimore City Precinct 27-005,Baltimore City Precinct 27-014
1317,Baltimore City Precinct 27-005,Baltimore City Precinct 27-016
1318,Baltimore City Precinct 27-005,Baltimore City Precinct 27-017
1319,Baltimore City Precinct 27-006,Baltimore City Precinct 27-007
1320,Baltimore City Precinct 27-006,Baltimore City Precinct 27-008
1321,Baltimore City Precinct 27-007,Baltimore City Precinct 27-008
1322,Baltimore City Precinct 27-008,Baltimore City Precinct 27-009
1323,Baltimore City Precinct 27-008,Baltimore City Precinct 27-010
1324,Baltimore City Precinct 27-008,Baltimore City Precinct 27-011
1325,Baltimore City Precinct 27-008,Baltimore County Precinct 14-006
1326,Baltimore City Precinct 27-009,Baltimore City Precinct 27-011
1327,Baltimore City Precinct 27-009,Baltimore City Precinct 27-013
1328,Baltimore City Precinct 27-009,Baltimore City Precinct 27-014
1329,Baltimore City Precinct 27-010,Baltimore City Precinct 27-011
1330,Baltimore City Precinct 27-010,Baltimore County Precinct 14-001
1331,Baltimore City Precinct 27-010,Baltimore County Precinct 14-006
1332,Baltimore City Precinct 27-010,Baltimore County Precinct 14-014
1333,Baltimore City Precinct 27-011,Baltimore City Precinct 27-012
1334,Baltimore City Precinct 27-011,Baltimore City Precinct 27-013
1335,Baltimore City Precinct 27-011,Baltimore City Precinct 27-014
1336,Baltimore City Precinct 27-011,Baltimore County Precinct 09-021
1337,Baltimore City Precinct 27-011,Baltimore County Precinct 14-001
1338,Baltimore City Precinct 27-011,Baltimore County Precinct 14-012
1339,Baltimore City Precinct 27-012,Baltimore City Precinct 27-013
1340,Baltimore City Precinct 27-012,Baltimore County Precinct 09-021
1341,Baltimore City Precinct 27-012,Baltimore County Precinct 14-012
1342,Baltimore City Precinct 27-013,Baltimore City Precinct 27-014
1343,Baltimore City Precinct 27-013,Baltimore City Precinct 27-015
1344,Baltimore City Precinct 27-013,Baltimore City Precinct 27-019
1345,Baltimore City Precinct 27-013,Baltimore County Precinct 09-020
1346,Baltimore City Precinct 27-013,Baltimore County Precinct 09-021
1347,Baltimore City Precinct 27-014,Baltimore City Precinct 27-015
1348,Baltimore City Precinct 27-014,Baltimore City Precinct 27-016
1349,Baltimore City Precinct 27-015,Baltimore City Precinct 27-016
1350,Baltimore City Precinct 27-015,Baltimore City Precinct 27-019
1351,Baltimore City Precinct 27-016,Baltimore City Precinct 27-017
1352,Baltimore City Precinct 27-016,Baltimore City Precinct 27-018
1353,Baltimore City Precinct 27-016,Baltimore City Precinct 27-019
1354,Baltimore City Precinct 27-016,Baltimore City Precinct 27-022
1355,Baltimore City Precinct 27-016,Baltimore City Precinct 27-023
1356,Baltimore City Precinct 27-017,Baltimore City Precinct 27-018
1357,Baltimore City Precinct 27-018,Baltimore City Precinct 27-023
1358,Baltimore City Precinct 27-018,Baltimore City Precinct 27-024
1359,Baltimore City Precinct 27-018,Baltimore City Precinct 27-025
1360,Baltimore City Precinct 27-019,Baltimore City Precinct 27-020
1361,Baltimore City Precinct 27-019,Baltimore City Precinct 27-021
1362,Baltimore City Precinct 27-019,Baltimore City Precinct 27-022
1363,Baltimore City Precinct 27-019,Baltimore City Precinct 27-023
1364,Baltimore City Precinct 27-019,Baltimore County Precinct 09-020
1365,Baltimore City Precinct 27-020,Baltimore City Precinct 27-021
1366,Baltimore City Precinct 27-020,Baltimore City Precinct 27-031
1367,Baltimore City Precinct 27-020,Baltimore City Precinct 27-032
1368,Baltimore City Precinct 27-020,Baltimore County Precinct 09-014
1369,Baltimore City Precinct 27-020,Baltimore County Precinct 09-015
1370,Baltimore City Precinct 27-020,Baltimore County Precinct 09-020
1371,Baltimore City Precinct 27-021,Baltimore City Precinct 27-022
1372,Baltimore City Precinct 27-021,Baltimore City Precinct 27-030
1373,Baltimore City Precinct 27-021,Baltimore City Precinct 27-031
1374,Baltimore City Precinct 27-022,Baltimore City Precinct 27-023
1375,Baltimore City Precinct 27-022,Baltimore City Precinct 27-029
1376,Baltimore City Precinct 27-022,Baltimore City Precinct 27-030
1377,Baltimore City Precinct 27-022,Baltimore City Precinct 27-031
1378,Baltimore City Precinct 27-023,Baltimore City Precinct 27-024
1379,Baltimore City Precinct 27-023,Baltimore City Precinct 27-029
1380,Baltimore City Precinct 27-024,Baltimore City Precinct 27-025
1381,Baltimore City Precinct 27-024,Baltimore City Precinct 27-027
1382,Baltimore City Precinct 27-024,Baltimore City Precinct 27-029
1383,Baltimore City Precinct 27-025,Baltimore City Precinct 27-026
1384,Baltimore City Precinct 27-025,Baltimore City Precinct 27-027
1385,Baltimore City Precinct 27-026,Baltimore City Precinct 27-027
1386,Baltimore City Precinct 27-026,Baltimore City Precinct 27-035
1387,Baltimore City Precinct 27-027,Baltimore City Precinct 27-028
1388,Baltimore City Precinct 27-027,Baltimore City Precinct 27-029
1389,Baltimore City Precinct 27-027,Baltimore City Precinct 27-035
1390,Baltimore City Precinct 27-028,Baltimore City Precinct 27-029
1391,Baltimore City Precinct 27-028,Baltimore City Precinct 27-034
1392,Baltimore City Precinct 27-028,Baltimore City Precinct 27-035
1393,Baltimore City Precinct 27-029,Baltimore City Precinct 27-030
1394,Baltimore City Precinct 27-029,Baltimore City Precinct 27-034
1395,Baltimore City Precinct 27-030,Baltimore City Precinct 27-031
1396,Baltimore City Precinct 27-030,Baltimore City Precinct 27-033
1397,Baltimore City Precinct 27-030,Baltimore City Precinct 27-034
1398,Baltimore City Precinct 27-031,Baltimore City Precinct 27-032
1399,Baltimore City Precinct 27-031,Baltimore City Precinct 27-033
1400,Baltimore City Precinct 27-032,Baltimore City Precinct 27-033
1401,Baltimore City Precinct 27-032,Baltimore City Precinct 27-041
1402,Baltimore City Precinct 27-032,Baltimore County Precinct 09-003
1403,Baltimore City Precinct 27-032,Baltimore County Precinct 09-014
1404,Baltimore City Precinct 27-033,Baltimore City Precinct 27-034
1405,Baltimore City Precinct 27-033,Baltimore City Precinct 27-040
1406,Baltimore City Precinct 27-033,Baltimore City Precinct 27-041
1407,Baltimore City Precinct 27-034,Baltimore City Precinct 27-035
1408,Baltimore City Precinct 27-034,Baltimore City Precinct 27-039
1409,Baltimore City Precinct 27-034,Baltimore City Precinct 27-040
1410,Baltimore City Precinct 27-035,Baltimore City Precinct 27-036
1411,Baltimore City Precinct 27-035,Baltimore City Precinct 27-038
1412,Baltimore City Precinct 27-035,Baltimore City Precinct 27-039
1413,Baltimore City Precinct 27-036,Baltimore City Precinct 27-037
1414,Baltimore City Precinct 27-036,Baltimore City Precinct 27-038
1415,Baltimore City Precinct 27-037,Baltimore City Precinct 27-038
1416,Baltimore City Precinct 27-037,Baltimore City Precinct 27-045
1417,Baltimore City Precinct 27-037,Baltimore City Precinct 27-046
1418,Baltimore City Precinct 27-038,Baltimore City Precinct 27-039
1419,Baltimore City Precinct 27-038,Baltimore City Precinct 27-040
1420,Baltimore City Precinct 27-038,Baltimore City Precinct 27-045
1421,Baltimore City Precinct 27-038,Baltimore City Precinct 27-046
1422,Baltimore City Precinct 27-039,Baltimore City Precinct 27-040
1423,Baltimore City Precinct 27-040,Baltimore City Precinct 27-041
1424,Baltimore City Precinct 27-040,Baltimore City Precinct 27-042
1425,Baltimore City Precinct 27-040,Baltimore City Precinct 27-044
1426,Baltimore City Precinct 27-040,Baltimore City Precinct 27-045
1427,Baltimore City Precinct 27-041,Baltimore City Precinct 27-042
1428,Baltimore City Precinct 27-041,Baltimore City Precinct 27-044
1429,Baltimore City Precinct 27-041,Baltimore County Precinct 09-001
1430,Baltimore City Precinct 27-041,Baltimore County Precinct 09-003
1431,Baltimore City Precinct 27-041,Baltimore County Precinct 09-014
1432,Baltimore City Precinct 27-042,Baltimore City Precinct 27-043
1433,Baltimore City Precinct 27-042,Baltimore City Precinct 27-044
1434,Baltimore City Precinct 27-042,Baltimore City Precinct 27-048
1435,Baltimore City Precinct 27-042,Baltimore City Precinct 27-049
1436,Baltimore City Precinct 27-042,Baltimore County Precinct 03-009
1437,Baltimore City Precinct 27-042,Baltimore County Precinct 09-001
1438,Baltimore City Precinct 27-042,Baltimore County Precinct 09-003
1439,Baltimore City Precinct 27-043,Baltimore City Precinct 27-044
1440,Baltimore City Precinct 27-043,Baltimore City Precinct 27-045
1441,Baltimore City Precinct 27-043,Baltimore City Precinct 27-047
1442,Baltimore City Precinct 27-043,Baltimore City Precinct 27-048
1443,Baltimore City Precinct 27-043,Baltimore City Precinct 27-049
1444,Baltimore City Precinct 27-044,Baltimore City Precinct 27-045
1445,Baltimore City Precinct 27-045,Baltimore City Precinct 27-046
1446,Baltimore City Precinct 27-045,Baltimore City Precinct 27-047
1447,Baltimore City Precinct 27-046,Baltimore City Precinct 27-047
1448,Baltimore City Precinct 27-047,Baltimore City Precinct 27-048
1449,Baltimore City Precinct 27-048,Baltimore City Precinct 27-049
1450,Baltimore City Precinct 27-048,Baltimore City Precinct 27-051
1451,Baltimore City Precinct 27-048,Baltimore City Precinct 27-052
1452,Baltimore City Precinct 27-048,Baltimore City Precinct 27-053
1453,Baltimore City Precinct 27-049,Baltimore City Precinct 27-050
1454,Baltimore City Precinct 27-049,Baltimore City Precinct 27-051
1455,Baltimore City Precinct 27-049,Baltimore City Precinct 27-052
1456,Baltimore City Precinct 27-049,Baltimore City Precinct 27-064
1457,Baltimore City Precinct 27-049,Baltimore County Precinct 03-007
1458,Baltimore City Precinct 27-049,Baltimore County Precinct 03-009
1459,Baltimore City Precinct 27-049,Baltimore County Precinct 09-001
1460,Baltimore City Precinct 27-050,Baltimore City Precinct 27-051
1461,Baltimore City Precinct 27-050,Baltimore City Precinct 27-060
1462,Baltimore City Precinct 27-050,Baltimore City Precinct 27-063
1463,Baltimore City Precinct 27-050,Baltimore City Precinct 27-064
1464,Baltimore City Precinct 27-051,Baltimore City Precinct 27-052
1465,Baltimore City Precinct 27-051,Baltimore City Precinct 27-060
1466,Baltimore City Precinct 27-052,Baltimore City Precinct 27-053
1467,Baltimore City Precinct 27-052,Baltimore City Precinct 27-054
1468,Baltimore City Precinct 27-052,Baltimore City Precinct 27-056
1469,Baltimore City Precinct 27-052,Baltimore City Precinct 27-058
1470,Baltimore City Precinct 27-052,Baltimore City Precinct 27-060
1471,Baltimore City Precinct 27-053,Baltimore City Precinct 27-054
1472,Baltimore City Precinct 27-053,Baltimore City Precinct 27-056
1473,Baltimore City Precinct 27-054,Baltimore City Precinct 27-055
1474,Baltimore City Precinct 27-054,Baltimore City Precinct 27-056
1475,Baltimore City Precinct 27-055,Baltimore City Precinct 27-056
1476,Baltimore City Precinct 27-055,Baltimore City Precinct 28-003
1477,Baltimore City Precinct 27-056,Baltimore City Precinct 27-057
1478,Baltimore City Precinct 27-056,Baltimore City Precinct 27-058
1479,Baltimore City Precinct 27-056,Baltimore City Precinct 27-059
1480,Baltimore City Precinct 27-056,Baltimore City Precinct 27-060
1481,Baltimore City Precinct 27-056,Baltimore City Precinct 28-003
1482,Baltimore City Precinct 27-057,Baltimore City Precinct 27-058
1483,Baltimore City Precinct 27-057,Baltimore City Precinct 27-059
1484,Baltimore City Precinct 27-057,Baltimore City Precinct 27-060
1485,Baltimore City Precinct 27-057,Baltimore City Precinct 28-002
1486,Baltimore City Precinct 27-057,Baltimore City Precinct 28-003
1487,Baltimore City Precinct 27-058,Baltimore City Precinct 27-059
1488,Baltimore City Precinct 27-058,Baltimore City Precinct 27-060
1489,Baltimore City Precinct 27-059,Baltimore City Precinct 27-060
1490,Baltimore City Precinct 27-059,Baltimore City Precinct 27-061
1491,Baltimore City Precinct 27-059,Baltimore City Precinct 28-002
1492,Baltimore City Precinct 27-060,Baltimore City Precinct 27-061
1493,Baltimore City Precinct 27-060,Baltimore City Precinct 27-063
1494,Baltimore City Precinct 27-061,Baltimore City Precinct 27-062
1495,Baltimore City Precinct 27-061,Baltimore City Precinct 27-063
1496,Baltimore City Precinct 27-061,Baltimore City Precinct 28-002
1497,Baltimore City Precinct 27-062,Baltimore City Precinct 27-063
1498,Baltimore City Precinct 27-062,Baltimore City Precinct 27-065
1499,Baltimore City Precinct 27-062,Baltimore City Precinct 27-066
1500,Baltimore City Precinct 27-062,Baltimore City Precinct 27-067
1501,Baltimore City Precinct 27-062,Baltimore City Precinct 28-001
1502,Baltimore City Precinct 27-062,Baltimore City Precinct 28-002
1503,Baltimore City Precinct 27-063,Baltimore City Precinct 27-064
1504,Baltimore City Precinct 27-063,Baltimore City Precinct 27-065
1505,Baltimore City Precinct 27-064,Baltimore City Precinct 27-065
1506,Baltimore City Precinct 27-064,Baltimore County Precinct 03-007
1507,Baltimore City Precinct 27-065,Baltimore City Precinct 27-066
1508,Baltimore City Precinct 27-065,Baltimore City Precinct 27-067
1509,Baltimore City Precinct 27-065,Baltimore County Precinct 03-007
1510,Baltimore City Precinct 27-066,Baltimore City Precinct 27-067
1511,Baltimore City Precinct 27-066,Baltimore County Precinct 03-002
1512,Baltimore City Precinct 27-066,Baltimore County Precinct 03-005
1513,Baltimore City Precinct 27-066,Baltimore County Precinct 03-006
1514,Baltimore City Precinct 27-066,Baltimore County Precinct 03-007
1515,Baltimore City Precinct 27-067,Baltimore City Precinct 28-001
1516,Baltimore City Precinct 27-067,Baltimore County Precinct 03-002
1517,Baltimore City Precinct 27-067,Baltimore County Precinct 03-005
1518,Baltimore City Precinct 27-067,Baltimore County Precinct 03-006
1519,Baltimore City Precinct 28-001,Baltimore City Precinct 28-002
1520,Baltimore City Precinct 28-001,Baltimore County Precinct 03-001
1521,Baltimore City Precinct 28-001,Baltimore County Precinct 03-002
1522,Baltimore City Precinct 28-002,Baltimore City Precinct 28-003
1523,Baltimore City Precinct 28-002,Baltimore City Precinct 28-004
1524,Baltimore City Precinct 28-002,Baltimore City Precinct 28-005
1525,Baltimore City Precinct 28-002,Baltimore City Precinct 28-006
1526,Baltimore City Precinct 28-002,Baltimore County Precinct 02-001
1527,Baltimore City Precinct 28-002,Baltimore County Precinct 03-001
1528,Baltimore City Precinct 28-003,Baltimore City Precinct 28-004
1529,Baltimore City Precinct 28-004,Baltimore City Precinct 28-005
1530,Baltimore City Precinct 28-004,Baltimore City Precinct 28-006
1531,Baltimore City Precinct 28-004,Baltimore City Precinct 28-007
1532,Baltimore City Precinct 28-005,Baltimore City Precinct 28-006
1533,Baltimore City Precinct 28-006,Baltimore City Precinct 28-007
1534,Baltimore City Precinct 28-006,Baltimore City Precinct 28-008
1535,Baltimore City Precinct 28-006,Baltimore City Precinct 28-009
1536,Baltimore City Precinct 28-006,Baltimore County Precinct 01-001
1537,Baltimore City Precinct 28-006,Baltimore County Precinct 02-001
1538,Baltimore City Precinct 28-006,Baltimore County Precinct 03-001
1539,Baltimore City Precinct 28-007,Baltimore City Precinct 28-008
1540,Baltimore City Precinct 28-008,Baltimore City Precinct 28-009
1541,Baltimore City Precinct 28-009,Baltimore City Precinct 28-010
1542,Baltimore City Precinct 28-009,Baltimore City Precinct 28-011
1543,Baltimore City Precinct 28-009,Baltimore County Precinct 01-001
1544,Baltimore City Precinct 28-010,Baltimore City Precinct 28-011
1545,Baltimore City Precinct 28-010,Baltimore City Precinct 28-012
1546,Baltimore City Precinct 28-010,Baltimore City Precinct 28-015
1547,Baltimore City Precinct 28-010,Baltimore County Precinct 01-001
1548,Baltimore City Precinct 28-010,Baltimore County Precinct 01-006
1549,Baltimore City Precinct 28-010,Baltimore County Precinct 01-007
1550,Baltimore City Precinct 28-011,Baltimore City Precinct 28-012
1551,Baltimore City Precinct 28-012,Baltimore City Precinct 28-013
1552,Baltimore City Precinct 28-012,Baltimore City Precinct 28-014
1553,Baltimore City Precinct 28-012,Baltimore City Precinct 28-015
1554,Baltimore City Precinct 28-013,Baltimore City Precinct 28-014
1555,Baltimore City Precinct 28-014,Baltimore City Precinct 28-015
1556,Baltimore City Precinct 28-015,Baltimore County Precinct 01-006
1557,Baltimore City Precinct 28-015,Baltimore County Precinct 01-007
1558,Baltimore City Precinct 28-015,Baltimore County Precinct 01-008
1559,Baltimore County Precinct 01-001,Baltimore County Precinct 01-002
1560,Baltimore County Precinct 01-001,Baltimore County Precinct 01-004
1561,Baltimore County Precinct 01-001,Baltimore County Precinct 01-005
1562,Baltimore County Precinct 01-001,Baltimore County Precinct 01-006
1563,Baltimore County Precinct 01-001,Baltimore County Precinct 02-001
1564,Baltimore County Precinct 01-001,Baltimore County Precinct 02-002
1565,Baltimore County Precinct 01-001,Baltimore County Precinct 02-003
1566,Baltimore County Precinct 01-002,Baltimore County Precinct 01-004
1567,Baltimore County Precinct 01-002,Baltimore County Precinct 01-017
1568,Baltimore County Precinct 01-002,Baltimore County Precinct 02-003
1569,Baltimore County Precinct 01-002,Baltimore County Precinct 02-011
1570,Baltimore County Precinct 01-003,Baltimore County Precinct 01-004
1571,Baltimore County Precinct 01-003,Baltimore County Precinct 01-009
1572,Baltimore County Precinct 01-003,Baltimore County Precinct 01-010
1573,Baltimore County Precinct 01-003,Baltimore County Precinct 01-011
1574,Baltimore County Precinct 01-003,Baltimore County Precinct 01-017
1575,Baltimore County Precinct 01-003,Howard Precinct 02-008
1576,Baltimore County Precinct 01-003,Howard Precinct 02-023
1577,Baltimore County Precinct 01-004,Baltimore County Precinct 01-005
1578,Baltimore County Precinct 01-004,Baltimore County Precinct 01-009
1579,Baltimore County Precinct 01-004,Baltimore County Precinct 01-017
1580,Baltimore County Precinct 01-005,Baltimore County Precinct 01-006
1581,Baltimore County Precinct 01-005,Baltimore County Precinct 01-007
1582,Baltimore County Precinct 01-005,Baltimore County Precinct 01-009
1583,Baltimore County Precinct 01-006,Baltimore County Precinct 01-007
1584,Baltimore County Precinct 01-007,Baltimore County Precinct 01-008
1585,Baltimore County Precinct 01-007,Baltimore County Precinct 01-009
1586,Baltimore County Precinct 01-008,Baltimore County Precinct 01-009
1587,Baltimore County Precinct 01-008,Baltimore County Precinct 01-015
1588,Baltimore County Precinct 01-008,Baltimore County Precinct 01-016
1589,Baltimore County Precinct 01-009,Baltimore County Precinct 01-010
1590,Baltimore County Precinct 01-009,Baltimore County Precinct 01-011
1591,Baltimore County Precinct 01-009,Baltimore County Precinct 01-013
1592,Baltimore County Precinct 01-009,Baltimore County Precinct 01-015
1593,Baltimore County Precinct 01-010,Baltimore County Precinct 01-011
1594,Baltimore County Precinct 01-010,Baltimore County Precinct 01-012
1595,Baltimore County Precinct 01-010,Baltimore County Precinct 01-013
1596,Baltimore County Precinct 01-011,Baltimore County Precinct 01-012
1597,Baltimore County Precinct 01-011,Howard Precinct 02-008
1598,Baltimore County Precinct 01-011,Howard Precinct 02-023
1599,Baltimore County Precinct 01-012,Baltimore County Precinct 01-013
1600,Baltimore County Precinct 01-012,Howard Precinct 02-001
1601,Baltimore County Precinct 01-012,Howard Precinct 02-016
1602,Baltimore County Precinct 01-012,Howard Precinct 02-023
1603,Baltimore County Precinct 01-013,Baltimore County Precinct 01-014
1604,Baltimore County Precinct 01-013,Baltimore County Precinct 01-015
1605,Baltimore County Precinct 01-013,Howard Precinct 01-011
1606,Baltimore County Precinct 01-013,Howard Precinct 02-016
1607,Baltimore County Precinct 01-014,Baltimore County Precinct 01-015
1608,Baltimore County Precinct 01-014,Baltimore County Precinct 13-002
1609,Baltimore County Precinct 01-014,Baltimore County Precinct 13-003
1610,Baltimore County Precinct 01-014,Howard Precinct 01-011
1611,Baltimore County Precinct 01-015,Baltimore County Precinct 01-016
1612,Baltimore County Precinct 01-015,Baltimore County Precinct 13-001
1613,Baltimore County Precinct 01-015,Baltimore County Precinct 13-002
1614,Baltimore County Precinct 01-016,Baltimore County Precinct 13-001
1615,Baltimore County Precinct 01-017,Baltimore County Precinct 02-011
1616,Baltimore County Precinct 01-017,Howard Precinct 02-008
1617,Baltimore County Precinct 02-001,Baltimore County Precinct 02-002
1618,Baltimore County Precinct 02-001,Baltimore County Precinct 02-004
1619,Baltimore County Precinct 02-001,Baltimore County Precinct 03-001
1620,Baltimore County Precinct 02-002,Baltimore County Precinct 02-003
1621,Baltimore County Precinct 02-002,Baltimore County Precinct 02-004
1622,Baltimore County Precinct 02-002,Baltimore County Precinct 03-001
1623,Baltimore County Precinct 02-003,Baltimore County Precinct 02-004
1624,Baltimore County Precinct 02-003,Baltimore County Precinct 02-005
1625,Baltimore County Precinct 02-003,Baltimore County Precinct 02-006
1626,Baltimore County Precinct 02-003,Baltimore County Precinct 02-010
1627,Baltimore County Precinct 02-003,Baltimore County Precinct 02-011
1628,Baltimore County Precinct 02-004,Baltimore County Precinct 02-005
1629,Baltimore County Precinct 02-004,Baltimore County Precinct 02-006
1630,Baltimore County Precinct 02-004,Baltimore County Precinct 02-023
1631,Baltimore County Precinct 02-004,Baltimore County Precinct 03-001
1632,Baltimore County Precinct 02-004,Baltimore County Precinct 03-003
1633,Baltimore County Precinct 02-004,Baltimore County Precinct 03-004
1634,Baltimore County Precinct 02-005,Baltimore County Precinct 02-006
1635,Baltimore County Precinct 02-006,Baltimore County Precinct 02-007
1636,Baltimore County Precinct 02-006,Baltimore County Precinct 02-009
1637,Baltimore County Precinct 02-006,Baltimore County Precinct 02-010
1638,Baltimore County Precinct 02-006,Baltimore County Precinct 02-011
1639,Baltimore County Precinct 02-006,Baltimore County Precinct 02-023
1640,Baltimore County Precinct 02-006,Baltimore County Precinct 02-028
1641,Baltimore County Precinct 02-007,Baltimore County Precinct 02-008
1642,Baltimore County Precinct 02-007,Baltimore County Precinct 02-009
1643,Baltimore County Precinct 02-007,Baltimore County Precinct 02-013
1644,Baltimore County Precinct 02-007,Baltimore County Precinct 02-014
1645,Baltimore County Precinct 02-007,Baltimore County Precinct 02-023
1646,Baltimore County Precinct 02-007,Baltimore County Precinct 02-028
1647,Baltimore County Precinct 02-008,Baltimore County Precinct 02-014
1648,Baltimore County Precinct 02-008,Baltimore County Precinct 02-023
1649,Baltimore County Precinct 02-008,Baltimore County Precinct 02-025
1650,Baltimore County Precinct 02-008,Baltimore County Precinct 03-004
1651,Baltimore County Precinct 02-008,Baltimore County Precinct 03-014
1652,Baltimore County Precinct 02-009,Baltimore County Precinct 02-010
1653,Baltimore County Precinct 02-009,Baltimore County Precinct 02-012
1654,Baltimore County Precinct 02-009,Baltimore County Precinct 02-013
1655,Baltimore County Precinct 02-009,Baltimore County Precinct 02-014
1656,Baltimore County Precinct 02-009,Baltimore County Precinct 02-028
1657,Baltimore County Precinct 02-010,Baltimore County Precinct 02-011
1658,Baltimore County Precinct 02-010,Baltimore County Precinct 02-012
1659,Baltimore County Precinct 02-010,Baltimore County Precinct 02-013
1660,Baltimore County Precinct 02-011,Baltimore County Precinct 02-012
1661,Baltimore County Precinct 02-011,Baltimore County Precinct 02-019
1662,Baltimore County Precinct 02-011,Howard Precinct 02-007
1663,Baltimore County Precinct 02-011,Howard Precinct 02-008
1664,Baltimore County Precinct 02-012,Baltimore County Precinct 02-013
1665,Baltimore County Precinct 02-012,Baltimore County Precinct 02-017
1666,Baltimore County Precinct 02-012,Baltimore County Precinct 02-018
1667,Baltimore County Precinct 02-012,Baltimore County Precinct 02-019
1668,Baltimore County Precinct 02-012,Baltimore County Precinct 02-024
1669,Baltimore County Precinct 02-013,Baltimore County Precinct 02-014
1670,Baltimore County Precinct 02-013,Baltimore County Precinct 02-015
1671,Baltimore County Precinct 02-013,Baltimore County Precinct 02-016
1672,Baltimore County Precinct 02-013,Baltimore County Precinct 02-017
1673,Baltimore County Precinct 02-014,Baltimore County Precinct 02-015
1674,Baltimore County Precinct 02-014,Baltimore County Precinct 02-016
1675,Baltimore County Precinct 02-014,Baltimore County Precinct 02-025
1676,Baltimore County Precinct 02-014,Baltimore County Precinct 03-012
1677,Baltimore County Precinct 02-014,Baltimore County Precinct 03-014
1678,Baltimore County Precinct 02-015,Baltimore County Precinct 02-016
1679,Baltimore County Precinct 02-015,Baltimore County Precinct 02-017
1680,Baltimore County Precinct 02-015,Baltimore County Precinct 02-024
1681,Baltimore County Precinct 02-015,Baltimore County Precinct 02-027
1682,Baltimore County Precinct 02-015,Baltimore County Precinct 02-029
1683,Baltimore County Precinct 02-015,Baltimore County Precinct 03-012
1684,Baltimore County Precinct 02-015,Baltimore County Precinct 03-014
1685,Baltimore County Precinct 02-015,Baltimore County Precinct 04-001
1686,Baltimore County Precinct 02-016,Baltimore County Precinct 02-017
1687,Baltimore County Precinct 02-017,Baltimore County Precinct 02-024
1688,Baltimore County Precinct 02-018,Baltimore County Precinct 02-019
1689,Baltimore County Precinct 02-018,Baltimore County Precinct 02-020
1690,Baltimore County Precinct 02-018,Baltimore County Precinct 02-022
1691,Baltimore County Precinct 02-018,Baltimore County Precinct 02-024
1692,Baltimore County Precinct 02-019,Baltimore County Precinct 02-020
1693,Baltimore County Precinct 02-019,Baltimore County Precinct 02-021
1694,Baltimore County Precinct 02-019,Carroll Precinct 05-004
1695,Baltimore County Precinct 02-019,Howard Precinct 02-007
1696,Baltimore County Precinct 02-019,Howard Precinct 02-019
1697,Baltimore County Precinct 02-019,Howard Precinct 03-005
1698,Baltimore County Precinct 02-020,Baltimore County Precinct 02-021
1699,Baltimore County Precinct 02-020,Baltimore County Precinct 02-022
1700,Baltimore County Precinct 02-020,Baltimore County Precinct 02-024
1701,Baltimore County Precinct 02-020,Baltimore County Precinct 02-027
1702,Baltimore County Precinct 02-021,Baltimore County Precinct 02-024
1703,Baltimore County Precinct 02-021,Baltimore County Precinct 02-027
1704,Baltimore County Precinct 02-021,Baltimore County Precinct 04-007
1705,Baltimore County Precinct 02-021,Baltimore County Precinct 04-012
1706,Baltimore County Precinct 02-021,Carroll Precinct 04-004
1707,Baltimore County Precinct 02-021,Carroll Precinct 05-002
1708,Baltimore County Precinct 02-021,Carroll Precinct 05-003
1709,Baltimore County Precinct 02-021,Carroll Precinct 05-004
1710,Baltimore County Precinct 02-023,Baltimore County Precinct 03-003
1711,Baltimore County Precinct 02-023,Baltimore County Precinct 03-004
1712,Baltimore County Precinct 02-024,Baltimore County Precinct 02-027
1713,Baltimore County Precinct 02-024,Baltimore County Precinct 02-029
1714,Baltimore County Precinct 02-025,Baltimore County Precinct 03-014
1715,Baltimore County Precinct 02-026,Baltimore County Precinct 02-027
1716,Baltimore County Precinct 02-026,Baltimore County Precinct 02-029
1717,Baltimore County Precinct 02-026,Baltimore County Precinct 04-001
1718,Baltimore County Precinct 02-026,Baltimore County Precinct 04-012
1719,Baltimore County Precinct 02-027,Baltimore County Precinct 02-029
1720,Baltimore County Precinct 02-027,Baltimore County Precinct 04-012
1721,Baltimore County Precinct 02-029,Baltimore County Precinct 04-001
1722,Baltimore County Precinct 03-001,Baltimore County Precinct 03-002
1723,Baltimore County Precinct 03-001,Baltimore County Precinct 03-003
1724,Baltimore County Precinct 03-001,Baltimore County Precinct 03-004
1725,Baltimore County Precinct 03-002,Baltimore County Precinct 03-004
1726,Baltimore County Precinct 03-002,Baltimore County Precinct 03-005
1727,Baltimore County Precinct 03-002,Baltimore County Precinct 03-006
1728,Baltimore County Precinct 03-003,Baltimore County Precinct 03-004
1729,Baltimore County Precinct 03-004,Baltimore County Precinct 03-005
1730,Baltimore County Precinct 03-004,Baltimore County Precinct 03-014
1731,Baltimore County Precinct 03-005,Baltimore County Precinct 03-006
1732,Baltimore County Precinct 03-005,Baltimore County Precinct 03-010
1733,Baltimore County Precinct 03-005,Baltimore County Precinct 03-014
1734,Baltimore County Precinct 03-006,Baltimore County Precinct 03-007
1735,Baltimore County Precinct 03-006,Baltimore County Precinct 03-008
1736,Baltimore County Precinct 03-006,Baltimore County Precinct 03-010
1737,Baltimore County Precinct 03-007,Baltimore County Precinct 03-008
1738,Baltimore County Precinct 03-007,Baltimore County Precinct 03-009
1739,Baltimore County Precinct 03-008,Baltimore County Precinct 03-009
1740,Baltimore County Precinct 03-008,Baltimore County Precinct 03-010
1741,Baltimore County Precinct 03-008,Baltimore County Precinct 09-001
1742,Baltimore County Precinct 03-009,Baltimore County Precinct 09-001
1743,Baltimore County Precinct 03-010,Baltimore County Precinct 03-011
1744,Baltimore County Precinct 03-010,Baltimore County Precinct 03-013
1745,Baltimore County Precinct 03-010,Baltimore County Precinct 03-014
1746,Baltimore County Precinct 03-010,Baltimore County Precinct 09-001
1747,Baltimore County Precinct 03-011,Baltimore County Precinct 03-012
1748,Baltimore County Precinct 03-011,Baltimore County Precinct 03-013
1749,Baltimore County Precinct 03-011,Baltimore County Precinct 03-014
1750,Baltimore County Precinct 03-012,Baltimore County Precinct 03-013
1751,Baltimore County Precinct 03-012,Baltimore County Precinct 03-014
1752,Baltimore County Precinct 03-012,Baltimore County Precinct 04-001
1753,Baltimore County Precinct 03-012,Baltimore County Precinct 04-003
1754,Baltimore County Precinct 03-012,Baltimore County Precinct 04-014
1755,Baltimore County Precinct 03-013,Baltimore County Precinct 04-003
1756,Baltimore County Precinct 03-013,Baltimore County Precinct 08-008
1757,Baltimore County Precinct 03-013,Baltimore County Precinct 08-018
1758,Baltimore County Precinct 03-013,Baltimore County Precinct 09-001
1759,Baltimore County Precinct 04-001,Baltimore County Precinct 04-002
1760,Baltimore County Precinct 04-001,Baltimore County Precinct 04-006
1761,Baltimore County Precinct 04-001,Baltimore County Precinct 04-007
1762,Baltimore County Precinct 04-001,Baltimore County Precinct 04-012
1763,Baltimore County Precinct 04-001,Baltimore County Precinct 04-014
1764,Baltimore County Precinct 04-002,Baltimore County Precinct 04-003
1765,Baltimore County Precinct 04-002,Baltimore County Precinct 04-004
1766,Baltimore County Precinct 04-002,Baltimore County Precinct 04-005
1767,Baltimore County Precinct 04-002,Baltimore County Precinct 04-006
1768,Baltimore County Precinct 04-002,Baltimore County Precinct 04-007
1769,Baltimore County Precinct 04-002,Baltimore County Precinct 04-012
1770,Baltimore County Precinct 04-002,Baltimore County Precinct 04-014
1771,Baltimore County Precinct 04-003,Baltimore County Precinct 04-004
1772,Baltimore County Precinct 04-003,Baltimore County Precinct 04-011
1773,Baltimore County Precinct 04-003,Baltimore County Precinct 04-013
1774,Baltimore County Precinct 04-003,Baltimore County Precinct 04-014
1775,Baltimore County Precinct 04-003,Baltimore County Precinct 08-008
1776,Baltimore County Precinct 04-003,Baltimore County Precinct 08-023
1777,Baltimore County Precinct 04-004,Baltimore County Precinct 04-005
1778,Baltimore County Precinct 04-004,Baltimore County Precinct 04-008
1779,Baltimore County Precinct 04-004,Baltimore County Precinct 04-011
1780,Baltimore County Precinct 04-005,Baltimore County Precinct 04-006
1781,Baltimore County Precinct 04-005,Baltimore County Precinct 04-008
1782,Baltimore County Precinct 04-006,Baltimore County Precinct 04-007
1783,Baltimore County Precinct 04-006,Baltimore County Precinct 04-008
1784,Baltimore County Precinct 04-006,Baltimore County Precinct 04-010
1785,Baltimore County Precinct 04-006,Baltimore County Precinct 04-012
1786,Baltimore County Precinct 04-007,Baltimore County Precinct 04-009
1787,Baltimore County Precinct 04-007,Baltimore County Precinct 04-010
1788,Baltimore County Precinct 04-007,Baltimore County Precinct 04-012
1789,Baltimore County Precinct 04-007,Carroll Precinct 04-001
1790,Baltimore County Precinct 04-007,Carroll Precinct 04-003
1791,Baltimore County Precinct 04-007,Carroll Precinct 04-004
1792,Baltimore County Precinct 04-007,Carroll Precinct 05-002
1793,Baltimore County Precinct 04-008,Baltimore County Precinct 04-010
1794,Baltimore County Precinct 04-008,Baltimore County Precinct 04-011
1795,Baltimore County Precinct 04-009,Baltimore County Precinct 04-010
1796,Baltimore County Precinct 04-009,Baltimore County Precinct 04-011
1797,Baltimore County Precinct 04-009,Baltimore County Precinct 05-001
1798,Baltimore County Precinct 04-009,Carroll Precinct 04-001
1799,Baltimore County Precinct 04-009,Carroll Precinct 08-001
1800,Baltimore County Precinct 04-010,Baltimore County Precinct 04-011
1801,Baltimore County Precinct 04-011,Baltimore County Precinct 04-013
1802,Baltimore County Precinct 04-011,Baltimore County Precinct 05-001
1803,Baltimore County Precinct 04-011,Baltimore County Precinct 08-002
1804,Baltimore County Precinct 04-011,Baltimore County Precinct 08-021
1805,Baltimore County Precinct 04-013,Baltimore County Precinct 08-021
1806,Baltimore County Precinct 04-013,Baltimore County Precinct 08-023
1807,Baltimore County Precinct 05-001,Baltimore County Precinct 06-001
1808,Baltimore County Precinct 05-001,Baltimore County Precinct 07-003
1809,Baltimore County Precinct 05-001,Baltimore County Precinct 08-001
1810,Baltimore County Precinct 05-001,Baltimore County Precinct 08-002
1811,Baltimore County Precinct 05-001,Carroll Precinct 08-001
1812,Baltimore County Precinct 05-001,Carroll Precinct 08-002
1813,Baltimore County Precinct 05-001,Carroll Precinct 08-003
1814,Baltimore County Precinct 06-001,Baltimore County Precinct 06-002
1815,Baltimore County Precinct 06-001,Baltimore County Precinct 07-003
1816,Baltimore County Precinct 06-001,Carroll Precinct 06-002
1817,Baltimore County Precinct 06-001,Carroll Precinct 08-002
1818,Baltimore County Precinct 06-002,Baltimore County Precinct 07-001
1819,Baltimore County Precinct 06-002,Baltimore County Precinct 07-003
1820,Baltimore County Precinct 07-001,Baltimore County Precinct 07-002
1821,Baltimore County Precinct 07-001,Baltimore County Precinct 07-003
1822,Baltimore County Precinct 07-001,Harford Precinct 04-003
1823,Baltimore County Precinct 07-002,Baltimore County Precinct 07-003
1824,Baltimore County Precinct 07-002,Baltimore County Precinct 10-001
1825,Baltimore County Precinct 07-002,Harford Precinct 04-001
1826,Baltimore County Precinct 07-002,Harford Precinct 04-003
1827,Baltimore County Precinct 07-003,Baltimore County Precinct 08-001
1828,Baltimore County Precinct 07-003,Baltimore County Precinct 10-001
1829,Baltimore County Precinct 08-001,Baltimore County Precinct 08-002
1830,Baltimore County Precinct 08-001,Baltimore County Precinct 08-003
1831,Baltimore County Precinct 08-001,Baltimore County Precinct 08-022
1832,Baltimore County Precinct 08-001,Baltimore County Precinct 08-025
1833,Baltimore County Precinct 08-001,Baltimore County Precinct 10-001
1834,Baltimore County Precinct 08-002,Baltimore County Precinct 08-003
1835,Baltimore County Precinct 08-002,Baltimore County Precinct 08-007
1836,Baltimore County Precinct 08-002,Baltimore County Precinct 08-008
1837,Baltimore County Precinct 08-002,Baltimore County Precinct 08-011
1838,Baltimore County Precinct 08-002,Baltimore County Precinct 08-019
1839,Baltimore County Precinct 08-002,Baltimore County Precinct 08-020
1840,Baltimore County Precinct 08-002,Baltimore County Precinct 08-021
1841,Baltimore County Precinct 08-002,Baltimore County Precinct 08-023
1842,Baltimore County Precinct 08-002,Baltimore County Precinct 08-024
1843,Baltimore County Precinct 08-003,Baltimore County Precinct 08-004
1844,Baltimore County Precinct 08-003,Baltimore County Precinct 08-007
1845,Baltimore County Precinct 08-003,Baltimore County Precinct 08-022
1846,Baltimore County Precinct 08-003,Baltimore County Precinct 10-002
1847,Baltimore County Precinct 08-004,Baltimore County Precinct 08-005
1848,Baltimore County Precinct 08-004,Baltimore County Precinct 08-007
1849,Baltimore County Precinct 08-004,Baltimore County Precinct 10-002
1850,Baltimore County Precinct 08-004,Baltimore County Precinct 10-004
1851,Baltimore County Precinct 08-005,Baltimore County Precinct 08-006
1852,Baltimore County Precinct 08-005,Baltimore County Precinct 08-007
1853,Baltimore County Precinct 08-005,Baltimore County Precinct 08-011
1854,Baltimore County Precinct 08-005,Baltimore County Precinct 08-012
1855,Baltimore County Precinct 08-005,Baltimore County Precinct 08-014
1856,Baltimore County Precinct 08-005,Baltimore County Precinct 08-015
1857,Baltimore County Precinct 08-005,Baltimore County Precinct 09-008
1858,Baltimore County Precinct 08-005,Baltimore County Precinct 10-002
1859,Baltimore County Precinct 08-005,Baltimore County Precinct 10-004
1860,Baltimore County Precinct 08-005,Baltimore County Precinct 11-001
1861,Baltimore County Precinct 08-006,Baltimore County Precinct 08-007
1862,Baltimore County Precinct 08-006,Baltimore County Precinct 08-011
1863,Baltimore County Precinct 08-007,Baltimore County Precinct 08-011
1864,Baltimore County Precinct 08-007,Baltimore County Precinct 08-020
1865,Baltimore County Precinct 08-008,Baltimore County Precinct 08-018
1866,Baltimore County Precinct 08-008,Baltimore County Precinct 08-019
1867,Baltimore County Precinct 08-008,Baltimore County Precinct 08-023
1868,Baltimore County Precinct 08-008,Baltimore County Precinct 08-024
1869,Baltimore County Precinct 08-009,Baltimore County Precinct 08-010
1870,Baltimore County Precinct 08-009,Baltimore County Precinct 08-011
1871,Baltimore County Precinct 08-009,Baltimore County Precinct 08-014
1872,Baltimore County Precinct 08-009,Baltimore County Precinct 08-016
1873,Baltimore County Precinct 08-009,Baltimore County Precinct 08-017
1874,Baltimore County Precinct 08-009,Baltimore County Precinct 08-018
1875,Baltimore County Precinct 08-009,Baltimore County Precinct 08-019
1876,Baltimore County Precinct 08-010,Baltimore County Precinct 08-011
1877,Baltimore County Precinct 08-010,Baltimore County Precinct 08-014
1878,Baltimore County Precinct 08-010,Baltimore County Precinct 08-019
1879,Baltimore County Precinct 08-010,Baltimore County Precinct 08-020
1880,Baltimore County Precinct 08-011,Baltimore County Precinct 08-012
1881,Baltimore County Precinct 08-011,Baltimore County Precinct 08-013
1882,Baltimore County Precinct 08-011,Baltimore County Precinct 08-014
1883,Baltimore County Precinct 08-011,Baltimore County Precinct 08-020
1884,Baltimore County Precinct 08-012,Baltimore County Precinct 08-013
1885,Baltimore County Precinct 08-012,Baltimore County Precinct 08-014
1886,Baltimore County Precinct 08-013,Baltimore County Precinct 08-014
1887,Baltimore County Precinct 08-014,Baltimore County Precinct 08-015
1888,Baltimore County Precinct 08-014,Baltimore County Precinct 08-016
1889,Baltimore County Precinct 08-014,Baltimore County Precinct 08-017
1890,Baltimore County Precinct 08-014,Baltimore County Precinct 09-006
1891,Baltimore County Precinct 08-014,Baltimore County Precinct 09-007
1892,Baltimore County Precinct 08-015,Baltimore County Precinct 09-007
1893,Baltimore County Precinct 08-015,Baltimore County Precinct 09-008
1894,Baltimore County Precinct 08-016,Baltimore County Precinct 08-017
1895,Baltimore County Precinct 08-017,Baltimore County Precinct 08-018
1896,Baltimore County Precinct 08-017,Baltimore County Precinct 09-001
1897,Baltimore County Precinct 08-017,Baltimore County Precinct 09-002
1898,Baltimore County Precinct 08-017,Baltimore County Precinct 09-006
1899,Baltimore County Precinct 08-017,Baltimore County Precinct 09-007
1900,Baltimore County Precinct 08-018,Baltimore County Precinct 08-019
1901,Baltimore County Precinct 08-018,Baltimore County Precinct 09-001
1902,Baltimore County Precinct 08-019,Baltimore County Precinct 08-020
1903,Baltimore County Precinct 08-019,Baltimore County Precinct 08-024
1904,Baltimore County Precinct 08-021,Baltimore County Precinct 08-023
1905,Baltimore County Precinct 08-022,Baltimore County Precinct 08-025
1906,Baltimore County Precinct 08-022,Baltimore County Precinct 10-001
1907,Baltimore County Precinct 08-022,Baltimore County Precinct 10-002
1908,Baltimore County Precinct 08-025,Baltimore County Precinct 10-001
1909,Baltimore County Precinct 09-001,Baltimore County Precinct 09-002
1910,Baltimore County Precinct 09-001,Baltimore County Precinct 09-003
1911,Baltimore County Precinct 09-001,Baltimore County Precinct 09-004
1912,Baltimore County Precinct 09-002,Baltimore County Precinct 09-003
1913,Baltimore County Precinct 09-002,Baltimore County Precinct 09-004
1914,Baltimore County Precinct 09-002,Baltimore County Precinct 09-005
1915,Baltimore County Precinct 09-002,Baltimore County Precinct 09-006
1916,Baltimore County Precinct 09-003,Baltimore County Precinct 09-004
1917,Baltimore County Precinct 09-003,Baltimore County Precinct 09-013
1918,Baltimore County Precinct 09-003,Baltimore County Precinct 09-014
1919,Baltimore County Precinct 09-004,Baltimore County Precinct 09-005
1920,Baltimore County Precinct 09-004,Baltimore County Precinct 09-012
1921,Baltimore County Precinct 09-004,Baltimore County Precinct 09-013
1922,Baltimore County Precinct 09-004,Baltimore County Precinct 09-029
1923,Baltimore County Precinct 09-005,Baltimore County Precinct 09-006
1924,Baltimore County Precinct 09-005,Baltimore County Precinct 09-010
1925,Baltimore County Precinct 09-005,Baltimore County Precinct 09-011
1926,Baltimore County Precinct 09-005,Baltimore County Precinct 09-012
1927,Baltimore County Precinct 09-005,Baltimore County Precinct 09-029
1928,Baltimore County Precinct 09-006,Baltimore County Precinct 09-007
1929,Baltimore County Precinct 09-006,Baltimore County Precinct 09-008
1930,Baltimore County Precinct 09-006,Baltimore County Precinct 09-010
1931,Baltimore County Precinct 09-006,Baltimore County Precinct 09-011
1932,Baltimore County Precinct 09-007,Baltimore County Precinct 09-008
1933,Baltimore County Precinct 09-008,Baltimore County Precinct 09-009
1934,Baltimore County Precinct 09-008,Baltimore County Precinct 09-010
1935,Baltimore County Precinct 09-008,Baltimore County Precinct 10-004
1936,Baltimore County Precinct 09-008,Baltimore County Precinct 11-001
1937,Baltimore County Precinct 09-009,Baltimore County Precinct 09-010
1938,Baltimore County Precinct 09-009,Baltimore County Precinct 09-024
1939,Baltimore County Precinct 09-009,Baltimore County Precinct 09-026
1940,Baltimore County Precinct 09-009,Baltimore County Precinct 09-027
1941,Baltimore County Precinct 09-009,Baltimore County Precinct 11-001
1942,Baltimore County Precinct 09-010,Baltimore County Precinct 09-011
1943,Baltimore County Precinct 09-010,Baltimore County Precinct 09-016
1944,Baltimore County Precinct 09-010,Baltimore County Precinct 09-018
1945,Baltimore County Precinct 09-010,Baltimore County Precinct 09-026
1946,Baltimore County Precinct 09-010,Baltimore County Precinct 09-027
1947,Baltimore County Precinct 09-011,Baltimore County Precinct 09-012
1948,Baltimore County Precinct 09-011,Baltimore County Precinct 09-015
1949,Baltimore County Precinct 09-011,Baltimore County Precinct 09-016
1950,Baltimore County Precinct 09-011,Baltimore County Precinct 09-029
1951,Baltimore County Precinct 09-012,Baltimore County Precinct 09-013
1952,Baltimore County Precinct 09-012,Baltimore County Precinct 09-015
1953,Baltimore County Precinct 09-012,Baltimore County Precinct 09-029
1954,Baltimore County Precinct 09-013,Baltimore County Precinct 09-014
1955,Baltimore County Precinct 09-013,Baltimore County Precinct 09-015
1956,Baltimore County Precinct 09-014,Baltimore County Precinct 09-015
1957,Baltimore County Precinct 09-015,Baltimore County Precinct 09-016
1958,Baltimore County Precinct 09-015,Baltimore County Precinct 09-017
1959,Baltimore County Precinct 09-015,Baltimore County Precinct 09-019
1960,Baltimore County Precinct 09-015,Baltimore County Precinct 09-020
1961,Baltimore County Precinct 09-016,Baltimore County Precinct 09-017
1962,Baltimore County Precinct 09-016,Baltimore County Precinct 09-018
1963,Baltimore County Precinct 09-017,Baltimore County Precinct 09-018
1964,Baltimore County Precinct 09-017,Baltimore County Precinct 09-019
1965,Baltimore County Precinct 09-018,Baltimore County Precinct 09-019
1966,Baltimore County Precinct 09-018,Baltimore County Precinct 09-022
1967,Baltimore County Precinct 09-018,Baltimore County Precinct 09-026
1968,Baltimore County Precinct 09-019,Baltimore County Precinct 09-020
1969,Baltimore County Precinct 09-019,Baltimore County Precinct 09-021
1970,Baltimore County Precinct 09-019,Baltimore County Precinct 09-022
1971,Baltimore County Precinct 09-019,Baltimore County Precinct 09-028
1972,Baltimore County Precinct 09-020,Baltimore County Precinct 09-021
1973,Baltimore County Precinct 09-020,Baltimore County Precinct 09-028
1974,Baltimore County Precinct 09-021,Baltimore County Precinct 09-022
1975,Baltimore County Precinct 09-021,Baltimore County Precinct 09-028
1976,Baltimore County Precinct 09-021,Baltimore County Precinct 14-012
1977,Baltimore County Precinct 09-022,Baltimore County Precinct 09-023
1978,Baltimore County Precinct 09-022,Baltimore County Precinct 09-026
1979,Baltimore County Precinct 09-022,Baltimore County Precinct 11-009
1980,Baltimore County Precinct 09-022,Baltimore County Precinct 14-012
1981,Baltimore County Precinct 09-023,Baltimore County Precinct 09-024
1982,Baltimore County Precinct 09-023,Baltimore County Precinct 09-025
1983,Baltimore County Precinct 09-023,Baltimore County Precinct 09-026
1984,Baltimore County Precinct 09-023,Baltimore County Precinct 11-008
1985,Baltimore County Precinct 09-023,Baltimore County Precinct 11-009
1986,Baltimore County Precinct 09-023,Baltimore County Precinct 14-012
1987,Baltimore County Precinct 09-024,Baltimore County Precinct 09-025
1988,Baltimore County Precinct 09-024,Baltimore County Precinct 09-026
1989,Baltimore County Precinct 09-024,Baltimore County Precinct 11-001
1990,Baltimore County Precinct 09-024,Baltimore County Precinct 11-003
1991,Baltimore County Precinct 09-024,Baltimore County Precinct 11-008
1992,Baltimore County Precinct 09-025,Baltimore County Precinct 11-008
1993,Baltimore County Precinct 09-026,Baltimore County Precinct 09-027
1994,Baltimore County Precinct 10-001,Baltimore County Precinct 10-002
1995,Baltimore County Precinct 10-001,Baltimore County Precinct 10-003
1996,Baltimore County Precinct 10-001,Baltimore County Precinct 10-004
1997,Baltimore County Precinct 10-001,Harford Precinct 04-001
1998,Baltimore County Precinct 10-001,Harford Precinct 04-002
1999,Baltimore County Precinct 10-002,Baltimore County Precinct 10-003
2000,Baltimore County Precinct 10-002,Baltimore County Precinct 10-004
2001,Baltimore County Precinct 10-003,Baltimore County Precinct 10-004
2002,Baltimore County Precinct 10-003,Baltimore County Precinct 10-005
2003,Baltimore County Precinct 10-003,Baltimore County Precinct 11-002
2004,Baltimore County Precinct 10-003,Harford Precinct 04-002
2005,Baltimore County Precinct 10-004,Baltimore County Precinct 10-005
2006,Baltimore County Precinct 10-004,Baltimore County Precinct 11-001
2007,Baltimore County Precinct 10-004,Baltimore County Precinct 11-002
2008,Baltimore County Precinct 10-005,Baltimore County Precinct 11-002
2009,Baltimore County Precinct 11-001,Baltimore County Precinct 11-002
2010,Baltimore County Precinct 11-001,Baltimore County Precinct 11-003
2011,Baltimore County Precinct 11-001,Baltimore County Precinct 11-008
2012,Baltimore County Precinct 11-002,Baltimore County Precinct 11-003
2013,Baltimore County Precinct 11-002,Harford Precinct 03-006
2014,Baltimore County Precinct 11-002,Harford Precinct 04-002
2015,Baltimore County Precinct 11-003,Baltimore County Precinct 11-004
2016,Baltimore County Precinct 11-003,Baltimore County Precinct 11-005
2017,Baltimore County Precinct 11-003,Baltimore County Precinct 11-006
2018,Baltimore County Precinct 11-003,Baltimore County Precinct 11-008
2019,Baltimore County Precinct 11-003,Baltimore County Precinct 11-017
2020,Baltimore County Precinct 11-003,Baltimore County Precinct 11-020
2021,Baltimore County Precinct 11-003,Harford Precinct 01-002
2022,Baltimore County Precinct 11-003,Harford Precinct 03-006
2023,Baltimore County Precinct 11-004,Baltimore County Precinct 11-005
2024,Baltimore County Precinct 11-004,Baltimore County Precinct 11-013
2025,Baltimore County Precinct 11-004,Baltimore County Precinct 11-014
2026,Baltimore County Precinct 11-004,Baltimore County Precinct 11-020
2027,Baltimore County Precinct 11-004,Baltimore County Precinct 11-022
2028,Baltimore County Precinct 11-004,Baltimore County Precinct 14-003
2029,Baltimore County Precinct 11-004,Baltimore County Precinct 14-004
2030,Baltimore County Precinct 11-004,Baltimore County Precinct 15-004
2031,Baltimore County Precinct 11-004,Baltimore County Precinct 15-025
2032,Baltimore County Precinct 11-004,Harford Precinct 01-002
2033,Baltimore County Precinct 11-004,Harford Precinct 01-045
2034,Baltimore County Precinct 11-005,Baltimore County Precinct 11-006
2035,Baltimore County Precinct 11-005,Baltimore County Precinct 11-022
2036,Baltimore County Precinct 11-006,Baltimore County Precinct 11-007
2037,Baltimore County Precinct 11-006,Baltimore County Precinct 11-012
2038,Baltimore County Precinct 11-006,Baltimore County Precinct 11-017
2039,Baltimore County Precinct 11-006,Baltimore County Precinct 11-022
2040,Baltimore County Precinct 11-007,Baltimore County Precinct 11-010
2041,Baltimore County Precinct 11-007,Baltimore County Precinct 11-012
2042,Baltimore County Precinct 11-007,Baltimore County Precinct 11-017
2043,Baltimore County Precinct 11-007,Baltimore County Precinct 11-018
2044,Baltimore County Precinct 11-008,Baltimore County Precinct 11-009
2045,Baltimore County Precinct 11-008,Baltimore County Precinct 11-010
2046,Baltimore County Precinct 11-008,Baltimore County Precinct 11-011
2047,Baltimore County Precinct 11-008,Baltimore County Precinct 11-015
2048,Baltimore County Precinct 11-008,Baltimore County Precinct 11-017
2049,Baltimore County Precinct 11-008,Baltimore County Precinct 11-018
2050,Baltimore County Precinct 11-008,Baltimore County Precinct 11-021
2051,Baltimore County Precinct 11-009,Baltimore County Precinct 11-015
2052,Baltimore County Precinct 11-009,Baltimore County Precinct 11-016
2053,Baltimore County Precinct 11-009,Baltimore County Precinct 14-002
2054,Baltimore County Precinct 11-009,Baltimore County Precinct 14-012
2055,Baltimore County Precinct 11-010,Baltimore County Precinct 11-011
2056,Baltimore County Precinct 11-010,Baltimore County Precinct 11-012
2057,Baltimore County Precinct 11-010,Baltimore County Precinct 11-018
2058,Baltimore County Precinct 11-010,Baltimore County Precinct 11-019
2059,Baltimore County Precinct 11-010,Baltimore County Precinct 11-021
2060,Baltimore County Precinct 11-011,Baltimore County Precinct 11-013
2061,Baltimore County Precinct 11-011,Baltimore County Precinct 11-016
2062,Baltimore County Precinct 11-011,Baltimore County Precinct 11-019
2063,Baltimore County Precinct 11-011,Baltimore County Precinct 11-021
2064,Baltimore County Precinct 11-011,Baltimore County Precinct 14-002
2065,Baltimore County Precinct 11-011,Baltimore County Precinct 14-004
2066,Baltimore County Precinct 11-012,Baltimore County Precinct 11-014
2067,Baltimore County Precinct 11-012,Baltimore County Precinct 11-019
2068,Baltimore County Precinct 11-012,Baltimore County Precinct 11-022
2069,Baltimore County Precinct 11-013,Baltimore County Precinct 11-014
2070,Baltimore County Precinct 11-013,Baltimore County Precinct 11-019
2071,Baltimore County Precinct 11-013,Baltimore County Precinct 14-002
2072,Baltimore County Precinct 11-013,Baltimore County Precinct 14-003
2073,Baltimore County Precinct 11-013,Baltimore County Precinct 14-004
2074,Baltimore County Precinct 11-014,Baltimore County Precinct 11-019
2075,Baltimore County Precinct 11-014,Baltimore County Precinct 11-022
2076,Baltimore County Precinct 11-015,Baltimore County Precinct 11-016
2077,Baltimore County Precinct 11-015,Baltimore County Precinct 11-021
2078,Baltimore County Precinct 11-016,Baltimore County Precinct 11-021
2079,Baltimore County Precinct 11-016,Baltimore County Precinct 14-002
2080,Baltimore County Precinct 11-017,Baltimore County Precinct 11-018
2081,Baltimore County Precinct 11-020,Harford Precinct 01-002
2082,Baltimore County Precinct 12-001,Baltimore County Precinct 12-002
2083,Baltimore County Precinct 12-001,Baltimore County Precinct 12-003
2084,Baltimore County Precinct 12-001,Baltimore County Precinct 15-001
2085,Baltimore County Precinct 12-002,Baltimore County Precinct 12-003
2086,Baltimore County Precinct 12-002,Baltimore County Precinct 12-004
2087,Baltimore County Precinct 12-002,Baltimore County Precinct 15-001
2088,Baltimore County Precinct 12-002,Baltimore County Precinct 15-020
2089,Baltimore County Precinct 12-003,Baltimore County Precinct 12-004
2090,Baltimore County Precinct 12-003,Baltimore County Precinct 12-007
2091,Baltimore County Precinct 12-003,Baltimore County Precinct 12-008
2092,Baltimore County Precinct 12-003,Baltimore County Precinct 12-009
2093,Baltimore County Precinct 12-004,Baltimore County Precinct 12-005
2094,Baltimore County Precinct 12-004,Baltimore County Precinct 12-007
2095,Baltimore County Precinct 12-004,Baltimore County Precinct 12-008
2096,Baltimore County Precinct 12-004,Baltimore County Precinct 15-020
2097,Baltimore County Precinct 12-005,Baltimore County Precinct 12-006
2098,Baltimore County Precinct 12-005,Baltimore County Precinct 12-007
2099,Baltimore County Precinct 12-006,Baltimore County Precinct 12-007
2100,Baltimore County Precinct 12-007,Baltimore County Precinct 12-008
2101,Baltimore County Precinct 12-007,Baltimore County Precinct 12-012
2102,Baltimore County Precinct 12-008,Baltimore County Precinct 12-009
2103,Baltimore County Precinct 12-008,Baltimore County Precinct 12-010
2104,Baltimore County Precinct 12-008,Baltimore County Precinct 12-011
2105,Baltimore County Precinct 12-008,Baltimore County Precinct 12-012
2106,Baltimore County Precinct 12-009,Baltimore County Precinct 12-010
2107,Baltimore County Precinct 12-009,Baltimore County Precinct 12-011
2108,Baltimore County Precinct 12-009,Baltimore County Precinct 12-013
2109,Baltimore County Precinct 12-010,Baltimore County Precinct 12-011
2110,Baltimore County Precinct 12-011,Baltimore County Precinct 12-012
2111,Baltimore County Precinct 12-011,Baltimore County Precinct 12-013
2112,Baltimore County Precinct 12-012,Baltimore County Precinct 12-013
2113,Baltimore County Precinct 13-001,Baltimore County Precinct 13-002
2114,Baltimore County Precinct 13-001,Baltimore County Precinct 13-005
2115,Baltimore County Precinct 13-002,Baltimore County Precinct 13-003
2116,Baltimore County Precinct 13-002,Baltimore County Precinct 13-005
2117,Baltimore County Precinct 13-003,Baltimore County Precinct 13-004
2118,Baltimore County Precinct 13-003,Baltimore County Precinct 13-005
2119,Baltimore County Precinct 13-003,Howard Precinct 01-011
2120,Baltimore County Precinct 13-004,Baltimore County Precinct 13-005
2121,Baltimore County Precinct 13-004,Howard Precinct 01-001
2122,Baltimore County Precinct 13-004,Howard Precinct 01-011
2123,Baltimore County Precinct 13-005,Baltimore County Precinct 13-006
2124,Baltimore County Precinct 13-005,Baltimore County Precinct 13-009
2125,Baltimore County Precinct 13-005,Howard Precinct 01-001
2126,Baltimore County Precinct 13-006,Baltimore County Precinct 13-007
2127,Baltimore County Precinct 13-006,Baltimore County Precinct 13-009
2128,Baltimore County Precinct 13-007,Baltimore County Precinct 13-008
2129,Baltimore County Precinct 13-007,Baltimore County Precinct 13-009
2130,Baltimore County Precinct 14-001,Baltimore County Precinct 14-002
2131,Baltimore County Precinct 14-001,Baltimore County Precinct 14-006
2132,Baltimore County Precinct 14-001,Baltimore County Precinct 14-012
2133,Baltimore County Precinct 14-001,Baltimore County Precinct 14-014
2134,Baltimore County Precinct 14-002,Baltimore County Precinct 14-004
2135,Baltimore County Precinct 14-002,Baltimore County Precinct 14-005
2136,Baltimore County Precinct 14-002,Baltimore County Precinct 14-006
2137,Baltimore County Precinct 14-002,Baltimore County Precinct 14-009
2138,Baltimore County Precinct 14-002,Baltimore County Precinct 14-012
2139,Baltimore County Precinct 14-003,Baltimore County Precinct 14-004
2140,Baltimore County Precinct 14-003,Baltimore County Precinct 14-013
2141,Baltimore County Precinct 14-003,Baltimore County Precinct 15-004
2142,Baltimore County Precinct 14-004,Baltimore County Precinct 14-009
2143,Baltimore County Precinct 14-004,Baltimore County Precinct 14-013
2144,Baltimore County Precinct 14-005,Baltimore County Precinct 14-006
2145,Baltimore County Precinct 14-005,Baltimore County Precinct 14-008
2146,Baltimore County Precinct 14-005,Baltimore County Precinct 14-009
2147,Baltimore County Precinct 14-006,Baltimore County Precinct 14-007
2148,Baltimore County Precinct 14-006,Baltimore County Precinct 14-008
2149,Baltimore County Precinct 14-006,Baltimore County Precinct 14-014
2150,Baltimore County Precinct 14-007,Baltimore County Precinct 14-008
2151,Baltimore County Precinct 14-008,Baltimore County Precinct 14-009
2152,Baltimore County Precinct 14-008,Baltimore County Precinct 14-010
2153,Baltimore County Precinct 14-008,Baltimore County Precinct 14-011
2154,Baltimore County Precinct 14-009,Baltimore County Precinct 14-010
2155,Baltimore County Precinct 14-009,Baltimore County Precinct 14-013
2156,Baltimore County Precinct 14-009,Baltimore County Precinct 15-002
2157,Baltimore County Precinct 14-009,Baltimore County Precinct 15-004
2158,Baltimore County Precinct 14-010,Baltimore County Precinct 14-011
2159,Baltimore County Precinct 14-010,Baltimore County Precinct 15-002
2160,Baltimore County Precinct 14-011,Baltimore County Precinct 15-002
2161,Baltimore County Precinct 14-013,Baltimore County Precinct 15-002
2162,Baltimore County Precinct 14-013,Baltimore County Precinct 15-004
2163,Baltimore County Precinct 15-001,Baltimore County Precinct 15-002
2164,Baltimore County Precinct 15-001,Baltimore County Precinct 15-020
2165,Baltimore County Precinct 15-002,Baltimore County Precinct 15-003
2166,Baltimore County Precinct 15-002,Baltimore County Precinct 15-004
2167,Baltimore County Precinct 15-002,Baltimore County Precinct 15-011
2168,Baltimore County Precinct 15-002,Baltimore County Precinct 15-013
2169,Baltimore County Precinct 15-003,Baltimore County Precinct 15-004
2170,Baltimore County Precinct 15-003,Baltimore County Precinct 15-005
2171,Baltimore County Precinct 15-003,Baltimore County Precinct 15-011
2172,Baltimore County Precinct 15-004,Baltimore County Precinct 15-005
2173,Baltimore County Precinct 15-004,Baltimore County Precinct 15-025
2174,Baltimore County Precinct 15-005,Baltimore County Precinct 15-007
2175,Baltimore County Precinct 15-005,Baltimore County Precinct 15-009
2176,Baltimore County Precinct 15-005,Baltimore County Precinct 15-010
2177,Baltimore County Precinct 15-005,Baltimore County Precinct 15-011
2178,Baltimore County Precinct 15-005,Baltimore County Precinct 15-024
2179,Baltimore County Precinct 15-005,Baltimore County Precinct 15-025
2180,Baltimore County Precinct 15-006,Baltimore County Precinct 15-007
2181,Baltimore County Precinct 15-006,Baltimore County Precinct 15-025
2182,Baltimore County Precinct 15-007,Baltimore County Precinct 15-008
2183,Baltimore County Precinct 15-007,Baltimore County Precinct 15-009
2184,Baltimore County Precinct 15-007,Baltimore County Precinct 15-025
2185,Baltimore County Precinct 15-007,Baltimore County Precinct 15-026
2186,Baltimore County Precinct 15-008,Baltimore County Precinct 15-026
2187,Baltimore County Precinct 15-009,Baltimore County Precinct 15-010
2188,Baltimore County Precinct 15-009,Baltimore County Precinct 15-026
2189,Baltimore County Precinct 15-010,Baltimore County Precinct 15-024
2190,Baltimore County Precinct 15-011,Baltimore County Precinct 15-012
2191,Baltimore County Precinct 15-011,Baltimore County Precinct 15-013
2192,Baltimore County Precinct 15-011,Baltimore County Precinct 15-016
2193,Baltimore County Precinct 15-011,Baltimore County Precinct 15-018
2194,Baltimore County Precinct 15-011,Baltimore County Precinct 15-024
2195,Baltimore County Precinct 15-012,Baltimore County Precinct 15-013
2196,Baltimore County Precinct 15-012,Baltimore County Precinct 15-014
2197,Baltimore County Precinct 15-012,Baltimore County Precinct 15-015
2198,Baltimore County Precinct 15-012,Baltimore County Precinct 15-016
2199,Baltimore County Precinct 15-013,Baltimore County Precinct 15-014
2200,Baltimore County Precinct 15-014,Baltimore County Precinct 15-015
2201,Baltimore County Precinct 15-015,Baltimore County Precinct 15-016
2202,Baltimore County Precinct 15-016,Baltimore County Precinct 15-018
2203,Baltimore County Precinct 15-016,Baltimore County Precinct 15-023
2204,Baltimore County Precinct 15-017,Baltimore County Precinct 15-019
2205,Baltimore County Precinct 15-017,Baltimore County Precinct 15-023
2206,Baltimore County Precinct 15-018,Baltimore County Precinct 15-019
2207,Baltimore County Precinct 15-018,Baltimore County Precinct 15-023
2208,Baltimore County Precinct 15-018,Baltimore County Precinct 15-024
2209,Baltimore County Precinct 15-019,Baltimore County Precinct 15-023
2210,Baltimore County Precinct 15-020,Baltimore County Precinct 15-021
2211,Baltimore County Precinct 15-020,Baltimore County Precinct 15-022
2212,Baltimore County Precinct 15-021,Baltimore County Precinct 15-022
2213,Calvert Precinct 01-001,Calvert Precinct 01-002
2214,Calvert Precinct 01-001,Calvert Precinct 01-005
2215,Calvert Precinct 01-001,Calvert Precinct 01-007
2216,Calvert Precinct 01-002,Calvert Precinct 01-003
2217,Calvert Precinct 01-002,Calvert Precinct 01-005
2218,Calvert Precinct 01-002,Calvert Precinct 01-006
2219,Calvert Precinct 01-003,Calvert Precinct 01-004
2220,Calvert Precinct 01-003,Calvert Precinct 02-001
2221,Calvert Precinct 01-004,Calvert Precinct 02-001
2222,Calvert Precinct 01-005,Calvert Precinct 01-006
2223,Calvert Precinct 01-005,Calvert Precinct 01-007
2224,Calvert Precinct 01-006,Calvert Precinct 01-007
2225,Calvert Precinct 02-001,Calvert Precinct 02-002
2226,Calvert Precinct 02-001,Calvert Precinct 02-004
2227,Calvert Precinct 02-002,Calvert Precinct 02-004
2228,Calvert Precinct 02-002,Calvert Precinct 02-008
2229,Calvert Precinct 02-003,Calvert Precinct 02-006
2230,Calvert Precinct 02-003,Calvert Precinct 02-008
2231,Calvert Precinct 02-003,Calvert Precinct 03-003
2232,Calvert Precinct 02-004,Calvert Precinct 02-008
2233,Calvert Precinct 02-005,Calvert Precinct 02-008
2234,Calvert Precinct 02-005,Calvert Precinct 03-002
2235,Calvert Precinct 02-005,Calvert Precinct 03-003
2236,Calvert Precinct 02-006,Calvert Precinct 02-007
2237,Calvert Precinct 02-006,Calvert Precinct 03-003
2238,Calvert Precinct 02-007,Calvert Precinct 03-003
2239,Calvert Precinct 02-007,Calvert Precinct 03-005
2240,Calvert Precinct 02-007,Calvert Precinct 03-006
2241,Calvert Precinct 02-007,Calvert Precinct 03-007
2242,Calvert Precinct 02-008,Calvert Precinct 03-003
2243,Calvert Precinct 03-001,Calvert Precinct 03-004
2244,Calvert Precinct 03-001,Calvert Precinct 03-008
2245,Calvert Precinct 03-002,Calvert Precinct 03-003
2246,Calvert Precinct 03-002,Calvert Precinct 03-004
2247,Calvert Precinct 03-002,Calvert Precinct 03-008
2248,Calvert Precinct 03-003,Calvert Precinct 03-004
2249,Calvert Precinct 03-003,Calvert Precinct 03-005
2250,Calvert Precinct 03-004,Calvert Precinct 03-005
2251,Calvert Precinct 03-004,Calvert Precinct 03-008
2252,Calvert Precinct 03-005,Calvert Precinct 03-006
2253,Calvert Precinct 03-005,Calvert Precinct 03-007
2254,Calvert Precinct 03-006,Calvert Precinct 03-007
2255,Caroline Precinct 01-001,Caroline Precinct 02-001
2256,Caroline Precinct 01-001,Queen Anne's Precinct 01-001
2257,Caroline Precinct 01-001,Queen Anne's Precinct 06-001
2258,Caroline Precinct 02-001,Caroline Precinct 03-001
2259,Caroline Precinct 02-001,Caroline Precinct 06-001
2260,Caroline Precinct 02-001,Caroline Precinct 07-001
2261,Caroline Precinct 02-001,Queen Anne's Precinct 01-001
2262,Caroline Precinct 02-001,Queen Anne's Precinct 06-001
2263,Caroline Precinct 03-001,Caroline Precinct 06-001
2264,Caroline Precinct 03-001,Caroline Precinct 08-001
2265,Caroline Precinct 04-001,Caroline Precinct 05-001
2266,Caroline Precinct 04-001,Caroline Precinct 08-001
2267,Caroline Precinct 04-001,Dorchester Precinct 12-001
2268,Caroline Precinct 04-001,Dorchester Precinct 12-002
2269,Caroline Precinct 04-001,Dorchester Precinct 15-001
2270,Caroline Precinct 04-001,Dorchester Precinct 15-003
2271,Caroline Precinct 04-001,Talbot Precinct 01-002
2272,Caroline Precinct 04-001,Talbot Precinct 01-005
2273,Caroline Precinct 04-001,Talbot Precinct 03-001
2274,Caroline Precinct 04-001,Talbot Precinct 04-001
2275,Caroline Precinct 05-001,Caroline Precinct 08-001
2276,Caroline Precinct 05-001,Dorchester Precinct 01-001
2277,Caroline Precinct 05-001,Dorchester Precinct 12-001
2278,Caroline Precinct 06-001,Caroline Precinct 07-001
2279,Caroline Precinct 06-001,Caroline Precinct 08-001
2280,Caroline Precinct 06-001,Queen Anne's Precinct 06-001
2281,Caroline Precinct 06-001,Talbot Precinct 04-001
2282,Caroline Precinct 07-001,Queen Anne's Precinct 06-001
2283,Caroline Precinct 08-001,Talbot Precinct 04-001
2284,Carroll Precinct 01-001,Carroll Precinct 02-001
2285,Carroll Precinct 01-001,Carroll Precinct 02-002
2286,Carroll Precinct 01-001,Carroll Precinct 03-001
2287,Carroll Precinct 01-001,Carroll Precinct 10-001
2288,Carroll Precinct 01-001,Frederick Precinct 05-001
2289,Carroll Precinct 02-001,Carroll Precinct 02-002
2290,Carroll Precinct 02-001,Carroll Precinct 07-007
2291,Carroll Precinct 02-001,Carroll Precinct 10-001
2292,Carroll Precinct 02-001,Carroll Precinct 11-001
2293,Carroll Precinct 02-001,Carroll Precinct 12-001
2294,Carroll Precinct 02-002,Carroll Precinct 03-001
2295,Carroll Precinct 02-002,Carroll Precinct 07-004
2296,Carroll Precinct 02-002,Carroll Precinct 07-007
2297,Carroll Precinct 03-001,Carroll Precinct 06-001
2298,Carroll Precinct 03-001,Carroll Precinct 07-004
2299,Carroll Precinct 04-001,Carroll Precinct 04-003
2300,Carroll Precinct 04-001,Carroll Precinct 07-001
2301,Carroll Precinct 04-001,Carroll Precinct 07-006
2302,Carroll Precinct 04-001,Carroll Precinct 08-001
2303,Carroll Precinct 04-002,Carroll Precinct 04-003
2304,Carroll Precinct 04-002,Carroll Precinct 04-004
2305,Carroll Precinct 04-002,Carroll Precinct 07-006
2306,Carroll Precinct 04-002,Carroll Precinct 07-008
2307,Carroll Precinct 04-002,Carroll Precinct 09-001
2308,Carroll Precinct 04-002,Carroll Precinct 14-001
2309,Carroll Precinct 04-003,Carroll Precinct 04-004
2310,Carroll Precinct 04-003,Carroll Precinct 07-006
2311,Carroll Precinct 04-003,Carroll Precinct 07-008
2312,Carroll Precinct 04-004,Carroll Precinct 05-002
2313,Carroll Precinct 04-004,Carroll Precinct 14-001
2314,Carroll Precinct 05-001,Carroll Precinct 05-004
2315,Carroll Precinct 05-001,Carroll Precinct 05-006
2316,Carroll Precinct 05-001,Carroll Precinct 14-002
2317,Carroll Precinct 05-001,Howard Precinct 03-002
2318,Carroll Precinct 05-001,Howard Precinct 04-004
2319,Carroll Precinct 05-002,Carroll Precinct 05-003
2320,Carroll Precinct 05-002,Carroll Precinct 05-004
2321,Carroll Precinct 05-002,Carroll Precinct 05-005
2322,Carroll Precinct 05-002,Carroll Precinct 14-001
2323,Carroll Precinct 05-002,Carroll Precinct 14-002
2324,Carroll Precinct 05-003,Carroll Precinct 05-004
2325,Carroll Precinct 05-004,Carroll Precinct 05-005
2326,Carroll Precinct 05-004,Carroll Precinct 05-006
2327,Carroll Precinct 05-004,Howard Precinct 03-002
2328,Carroll Precinct 05-004,Howard Precinct 03-005
2329,Carroll Precinct 05-005,Carroll Precinct 05-006
2330,Carroll Precinct 05-005,Carroll Precinct 14-001
2331,Carroll Precinct 05-005,Carroll Precinct 14-002
2332,Carroll Precinct 05-006,Carroll Precinct 14-002
2333,Carroll Precinct 06-001,Carroll Precinct 06-002
2334,Carroll Precinct 06-001,Carroll Precinct 07-002
2335,Carroll Precinct 06-001,Carroll Precinct 07-004
2336,Carroll Precinct 06-002,Carroll Precinct 07-002
2337,Carroll Precinct 06-002,Carroll Precinct 08-001
2338,Carroll Precinct 06-002,Carroll Precinct 08-002
2339,Carroll Precinct 07-001,Carroll Precinct 07-002
2340,Carroll Precinct 07-001,Carroll Precinct 07-003
2341,Carroll Precinct 07-001,Carroll Precinct 07-004
2342,Carroll Precinct 07-001,Carroll Precinct 07-006
2343,Carroll Precinct 07-001,Carroll Precinct 08-001
2344,Carroll Precinct 07-002,Carroll Precinct 07-003
2345,Carroll Precinct 07-002,Carroll Precinct 07-004
2346,Carroll Precinct 07-002,Carroll Precinct 08-001
2347,Carroll Precinct 07-003,Carroll Precinct 07-004
2348,Carroll Precinct 07-003,Carroll Precinct 07-006
2349,Carroll Precinct 07-003,Carroll Precinct 07-008
2350,Carroll Precinct 07-004,Carroll Precinct 07-007
2351,Carroll Precinct 07-004,Carroll Precinct 07-008
2352,Carroll Precinct 07-005,Carroll Precinct 07-007
2353,Carroll Precinct 07-006,Carroll Precinct 07-008
2354,Carroll Precinct 07-007,Carroll Precinct 07-008
2355,Carroll Precinct 07-007,Carroll Precinct 11-001
2356,Carroll Precinct 07-008,Carroll Precinct 09-001
2357,Carroll Precinct 07-008,Carroll Precinct 11-001
2358,Carroll Precinct 07-008,Carroll Precinct 14-001
2359,Carroll Precinct 08-001,Carroll Precinct 08-002
2360,Carroll Precinct 08-001,Carroll Precinct 08-003
2361,Carroll Precinct 08-002,Carroll Precinct 08-003
2362,Carroll Precinct 09-001,Carroll Precinct 09-002
2363,Carroll Precinct 09-001,Carroll Precinct 11-001
2364,Carroll Precinct 09-001,Carroll Precinct 14-001
2365,Carroll Precinct 09-001,Carroll Precinct 14-002
2366,Carroll Precinct 09-002,Carroll Precinct 11-001
2367,Carroll Precinct 09-002,Carroll Precinct 13-001
2368,Carroll Precinct 09-002,Carroll Precinct 13-002
2369,Carroll Precinct 09-002,Carroll Precinct 14-001
2370,Carroll Precinct 09-002,Carroll Precinct 14-002
2371,Carroll Precinct 09-002,Frederick Precinct 18-002
2372,Carroll Precinct 09-002,Frederick Precinct 19-001
2373,Carroll Precinct 10-001,Carroll Precinct 12-001
2374,Carroll Precinct 10-001,Frederick Precinct 04-001
2375,Carroll Precinct 10-001,Frederick Precinct 05-001
2376,Carroll Precinct 10-001,Frederick Precinct 11-001
2377,Carroll Precinct 10-001,Frederick Precinct 17-001
2378,Carroll Precinct 11-001,Carroll Precinct 12-001
2379,Carroll Precinct 11-001,Frederick Precinct 17-001
2380,Carroll Precinct 11-001,Frederick Precinct 19-001
2381,Carroll Precinct 12-001,Frederick Precinct 17-001
2382,Carroll Precinct 13-001,Carroll Precinct 13-002
2383,Carroll Precinct 13-001,Frederick Precinct 18-001
2384,Carroll Precinct 13-001,Frederick Precinct 18-002
2385,Carroll Precinct 13-002,Carroll Precinct 14-002
2386,Carroll Precinct 13-002,Frederick Precinct 18-001
2387,Carroll Precinct 13-002,Howard Precinct 04-001
2388,Carroll Precinct 13-002,Howard Precinct 04-005
2389,Carroll Precinct 14-001,Carroll Precinct 14-002
2390,Carroll Precinct 14-002,Howard Precinct 03-002
2391,Carroll Precinct 14-002,Howard Precinct 04-004
2392,Carroll Precinct 14-002,Howard Precinct 04-005
2393,Cecil Precinct 01-001,Cecil Precinct 02-001
2394,Cecil Precinct 01-001,Kent Precinct 01-002
2395,Cecil Precinct 02-002,Cecil Precinct 03-003
2396,Cecil Precinct 03-001,Cecil Precinct 03-002
2397,Cecil Precinct 03-001,Cecil Precinct 03-003
2398,Cecil Precinct 03-001,Cecil Precinct 04-001
2399,Cecil Precinct 03-001,Cecil Precinct 04-002
2400,Cecil Precinct 03-002,Cecil Precinct 03-003
2401,Cecil Precinct 03-002,Cecil Precinct 04-001
2402,Cecil Precinct 03-002,Cecil Precinct 05-001
2403,Cecil Precinct 03-002,Cecil Precinct 09-001
2404,Cecil Precinct 03-003,Cecil Precinct 05-001
2405,Cecil Precinct 03-003,Cecil Precinct 05-003
2406,Cecil Precinct 04-001,Cecil Precinct 04-002
2407,Cecil Precinct 04-001,Cecil Precinct 09-001
2408,Cecil Precinct 05-001,Cecil Precinct 05-002
2409,Cecil Precinct 05-001,Cecil Precinct 05-003
2410,Cecil Precinct 05-001,Cecil Precinct 05-004
2411,Cecil Precinct 05-001,Cecil Precinct 09-001
2412,Cecil Precinct 05-002,Cecil Precinct 05-004
2413,Cecil Precinct 05-002,Cecil Precinct 06-001
2414,Cecil Precinct 05-002,Cecil Precinct 07-002
2415,Cecil Precinct 05-002,Cecil Precinct 09-001
2416,Cecil Precinct 06-001,Cecil Precinct 06-002
2417,Cecil Precinct 06-001,Cecil Precinct 07-002
2418,Cecil Precinct 06-001,Cecil Precinct 07-003
2419,Cecil Precinct 06-001,Cecil Precinct 08-001
2420,Cecil Precinct 06-001,Cecil Precinct 09-001
2421,Cecil Precinct 06-002,Cecil Precinct 07-001
2422,Cecil Precinct 06-002,Cecil Precinct 07-003
2423,Cecil Precinct 06-002,Cecil Precinct 08-001
2424,Cecil Precinct 07-001,Cecil Precinct 07-003
2425,Cecil Precinct 07-001,Cecil Precinct 08-001
2426,Cecil Precinct 07-001,Harford Precinct 02-002
2427,Cecil Precinct 07-001,Harford Precinct 05-004
2428,Cecil Precinct 07-002,Cecil Precinct 07-003
2429,Cecil Precinct 07-002,Harford Precinct 06-001
2430,Cecil Precinct 07-002,Harford Precinct 06-002
2431,Cecil Precinct 08-001,Harford Precinct 05-001
2432,Cecil Precinct 08-001,Harford Precinct 05-004
2433,Charles Precinct 01-001,Charles Precinct 01-002
2434,Charles Precinct 01-001,Charles Precinct 01-003
2435,Charles Precinct 01-001,Charles Precinct 01-004
2436,Charles Precinct 01-001,Charles Precinct 06-002
2437,Charles Precinct 01-001,Charles Precinct 08-004
2438,Charles Precinct 01-002,Charles Precinct 01-003
2439,Charles Precinct 01-002,Charles Precinct 01-004
2440,Charles Precinct 01-002,Charles Precinct 02-001
2441,Charles Precinct 01-002,Charles Precinct 04-002
2442,Charles Precinct 01-002,Charles Precinct 06-001
2443,Charles Precinct 01-002,Charles Precinct 07-003
2444,Charles Precinct 01-003,Charles Precinct 01-004
2445,Charles Precinct 01-004,Charles Precinct 04-002
2446,Charles Precinct 01-004,Charles Precinct 06-001
2447,Charles Precinct 01-004,Charles Precinct 06-002
2448,Charles Precinct 01-004,Charles Precinct 08-001
2449,Charles Precinct 01-004,Charles Precinct 08-004
2450,Charles Precinct 02-001,Charles Precinct 03-001
2451,Charles Precinct 02-001,Charles Precinct 07-003
2452,Charles Precinct 02-001,Charles Precinct 10-001
2453,Charles Precinct 03-001,Charles Precinct 10-001
2454,Charles Precinct 04-001,Charles Precinct 04-002
2455,Charles Precinct 04-001,Charles Precinct 05-001
2456,Charles Precinct 04-001,Charles Precinct 08-001
2457,Charles Precinct 04-001,St. Mary's Precinct 04-002
2458,Charles Precinct 04-001,St. Mary's Precinct 04-003
2459,Charles Precinct 04-001,St. Mary's Precinct 05-001
2460,Charles Precinct 04-001,St. Mary's Precinct 05-002
2461,Charles Precinct 04-002,Charles Precinct 05-001
2462,Charles Precinct 04-002,Charles Precinct 08-001
2463,Charles Precinct 06-001,Charles Precinct 06-002
2464,Charles Precinct 06-001,Charles Precinct 06-003
2465,Charles Precinct 06-001,Charles Precinct 06-014
2466,Charles Precinct 06-001,Charles Precinct 07-003
2467,Charles Precinct 06-001,Prince George's Precinct 05-012
2468,Charles Precinct 06-002,Charles Precinct 06-003
2469,Charles Precinct 06-002,Charles Precinct 06-004
2470,Charles Precinct 06-002,Charles Precinct 06-006
2471,Charles Precinct 06-002,Charles Precinct 06-016
2472,Charles Precinct 06-002,Charles Precinct 06-018
2473,Charles Precinct 06-002,Charles Precinct 08-004
2474,Charles Precinct 06-003,Charles Precinct 06-004
2475,Charles Precinct 06-003,Charles Precinct 06-010
2476,Charles Precinct 06-003,Charles Precinct 06-013
2477,Charles Precinct 06-003,Charles Precinct 06-014
2478,Charles Precinct 06-003,Charles Precinct 06-019
2479,Charles Precinct 06-003,Charles Precinct 06-021
2480,Charles Precinct 06-004,Charles Precinct 06-005
2481,Charles Precinct 06-004,Charles Precinct 06-006
2482,Charles Precinct 06-004,Charles Precinct 06-007
2483,Charles Precinct 06-004,Charles Precinct 06-010
2484,Charles Precinct 06-004,Charles Precinct 06-011
2485,Charles Precinct 06-004,Charles Precinct 06-015
2486,Charles Precinct 06-004,Charles Precinct 06-016
2487,Charles Precinct 06-004,Charles Precinct 06-020
2488,Charles Precinct 06-005,Charles Precinct 06-007
2489,Charles Precinct 06-005,Charles Precinct 06-011
2490,Charles Precinct 06-005,Charles Precinct 06-012
2491,Charles Precinct 06-005,Charles Precinct 06-013
2492,Charles Precinct 06-005,Charles Precinct 06-017
2493,Charles Precinct 06-005,Charles Precinct 06-022
2494,Charles Precinct 06-005,Charles Precinct 08-002
2495,Charles Precinct 06-005,Charles Precinct 08-004
2496,Charles Precinct 06-006,Charles Precinct 06-007
2497,Charles Precinct 06-006,Charles Precinct 06-009
2498,Charles Precinct 06-006,Charles Precinct 06-016
2499,Charles Precinct 06-006,Charles Precinct 06-018
2500,Charles Precinct 06-007,Charles Precinct 06-008
2501,Charles Precinct 06-007,Charles Precinct 06-009
2502,Charles Precinct 06-007,Charles Precinct 06-016
2503,Charles Precinct 06-007,Charles Precinct 06-017
2504,Charles Precinct 06-007,Charles Precinct 08-004
2505,Charles Precinct 06-008,Charles Precinct 06-009
2506,Charles Precinct 06-008,Charles Precinct 06-017
2507,Charles Precinct 06-008,Charles Precinct 08-004
2508,Charles Precinct 06-009,Charles Precinct 06-018
2509,Charles Precinct 06-009,Charles Precinct 08-004
2510,Charles Precinct 06-010,Charles Precinct 06-015
2511,Charles Precinct 06-010,Charles Precinct 06-020
2512,Charles Precinct 06-010,Charles Precinct 06-021
2513,Charles Precinct 06-011,Charles Precinct 06-013
2514,Charles Precinct 06-011,Charles Precinct 06-015
2515,Charles Precinct 06-011,Charles Precinct 06-021
2516,Charles Precinct 06-012,Charles Precinct 06-022
2517,Charles Precinct 06-012,Charles Precinct 08-002
2518,Charles Precinct 06-012,Charles Precinct 08-003
2519,Charles Precinct 06-012,Prince George's Precinct 08-001
2520,Charles Precinct 06-012,Prince George's Precinct 11-004
2521,Charles Precinct 06-013,Charles Precinct 06-019
2522,Charles Precinct 06-013,Charles Precinct 06-021
2523,Charles Precinct 06-013,Charles Precinct 06-022
2524,Charles Precinct 06-013,Prince George's Precinct 05-001
2525,Charles Precinct 06-013,Prince George's Precinct 05-012
2526,Charles Precinct 06-013,Prince George's Precinct 11-004
2527,Charles Precinct 06-014,Charles Precinct 06-019
2528,Charles Precinct 06-014,Charles Precinct 07-003
2529,Charles Precinct 06-014,Prince George's Precinct 05-012
2530,Charles Precinct 06-015,Charles Precinct 06-016
2531,Charles Precinct 06-015,Charles Precinct 06-020
2532,Charles Precinct 06-015,Charles Precinct 06-021
2533,Charles Precinct 06-017,Charles Precinct 08-004
2534,Charles Precinct 06-018,Charles Precinct 08-004
2535,Charles Precinct 06-019,Prince George's Precinct 05-001
2536,Charles Precinct 06-019,Prince George's Precinct 05-012
2537,Charles Precinct 06-022,Prince George's Precinct 05-001
2538,Charles Precinct 06-022,Prince George's Precinct 11-004
2539,Charles Precinct 07-001,Charles Precinct 07-002
2540,Charles Precinct 07-001,Charles Precinct 07-003
2541,Charles Precinct 07-001,Charles Precinct 07-004
2542,Charles Precinct 07-001,Charles Precinct 10-001
2543,Charles Precinct 07-003,Charles Precinct 07-004
2544,Charles Precinct 07-003,Charles Precinct 10-001
2545,Charles Precinct 07-003,Prince George's Precinct 05-008
2546,Charles Precinct 07-003,Prince George's Precinct 05-012
2547,Charles Precinct 08-001,Charles Precinct 08-004
2548,Charles Precinct 08-001,Charles Precinct 08-005
2549,Charles Precinct 08-001,Charles Precinct 09-002
2550,Charles Precinct 08-001,St. Mary's Precinct 05-002
2551,Charles Precinct 08-002,Charles Precinct 08-003
2552,Charles Precinct 08-002,Charles Precinct 08-004
2553,Charles Precinct 08-002,Charles Precinct 09-001
2554,Charles Precinct 08-002,Prince George's Precinct 08-001
2555,Charles Precinct 08-003,Prince George's Precinct 08-001
2556,Charles Precinct 08-004,Charles Precinct 08-005
2557,Charles Precinct 08-004,Charles Precinct 09-001
2558,Charles Precinct 08-005,Charles Precinct 09-001
2559,Charles Precinct 08-005,Charles Precinct 09-002
2560,Charles Precinct 09-001,Charles Precinct 09-002
2561,Charles Precinct 09-001,Prince George's Precinct 08-001
2562,Charles Precinct 09-002,Prince George's Precinct 08-001
2563,Charles Precinct 09-002,St. Mary's Precinct 05-002
2564,Charles Precinct 09-002,St. Mary's Precinct 05-003
2565,Dorchester Precinct 01-001,Dorchester Precinct 03-001
2566,Dorchester Precinct 01-001,Dorchester Precinct 03-002
2567,Dorchester Precinct 01-001,Dorchester Precinct 12-001
2568,Dorchester Precinct 01-001,Dorchester Precinct 15-002
2569,Dorchester Precinct 01-001,Dorchester Precinct 15-003
2570,Dorchester Precinct 01-001,Wicomico Precinct 10-001
2571,Dorchester Precinct 01-001,Wicomico Precinct 10-002
2572,Dorchester Precinct 02-001,Dorchester Precinct 02-002
2573,Dorchester Precinct 02-001,Dorchester Precinct 14-001
2574,Dorchester Precinct 02-001,Dorchester Precinct 14-002
2575,Dorchester Precinct 02-001,Dorchester Precinct 15-001
2576,Dorchester Precinct 02-001,Dorchester Precinct 15-003
2577,Dorchester Precinct 02-002,Dorchester Precinct 03-002
2578,Dorchester Precinct 02-002,Dorchester Precinct 14-002
2579,Dorchester Precinct 02-002,Dorchester Precinct 15-001
2580,Dorchester Precinct 02-002,Dorchester Precinct 15-003
2581,Dorchester Precinct 03-001,Dorchester Precinct 03-002
2582,Dorchester Precinct 03-001,Dorchester Precinct 11-001
2583,Dorchester Precinct 03-001,Dorchester Precinct 17-001
2584,Dorchester Precinct 03-001,Wicomico Precinct 01-002
2585,Dorchester Precinct 03-001,Wicomico Precinct 01-003
2586,Dorchester Precinct 03-001,Wicomico Precinct 10-002
2587,Dorchester Precinct 03-002,Dorchester Precinct 14-002
2588,Dorchester Precinct 03-002,Dorchester Precinct 15-003
2589,Dorchester Precinct 03-002,Dorchester Precinct 17-001
2590,Dorchester Precinct 03-002,Wicomico Precinct 01-002
2591,Dorchester Precinct 03-002,Wicomico Precinct 01-003
2592,Dorchester Precinct 04-001,Dorchester Precinct 05-001
2593,Dorchester Precinct 04-001,Dorchester Precinct 06-001
2594,Dorchester Precinct 04-001,Dorchester Precinct 09-001
2595,Dorchester Precinct 04-001,Dorchester Precinct 16-001
2596,Dorchester Precinct 05-001,Dorchester Precinct 06-001
2597,Dorchester Precinct 05-001,Dorchester Precinct 09-001
2598,Dorchester Precinct 05-001,Dorchester Precinct 10-001
2599,Dorchester Precinct 05-001,Dorchester Precinct 13-001
2600,Dorchester Precinct 07-001,Dorchester Precinct 07-002
2601,Dorchester Precinct 07-001,Dorchester Precinct 07-004
2602,Dorchester Precinct 07-001,Dorchester Precinct 07-005
2603,Dorchester Precinct 07-001,Dorchester Precinct 07-006
2604,Dorchester Precinct 07-001,Dorchester Precinct 07-007
2605,Dorchester Precinct 07-002,Dorchester Precinct 07-003
2606,Dorchester Precinct 07-002,Dorchester Precinct 07-004
2607,Dorchester Precinct 07-002,Dorchester Precinct 07-006
2608,Dorchester Precinct 07-002,Dorchester Precinct 07-007
2609,Dorchester Precinct 07-003,Dorchester Precinct 07-004
2610,Dorchester Precinct 07-003,Dorchester Precinct 07-006
2611,Dorchester Precinct 07-003,Dorchester Precinct 08-001
2612,Dorchester Precinct 07-003,Dorchester Precinct 09-001
2613,Dorchester Precinct 07-003,Dorchester Precinct 13-001
2614,Dorchester Precinct 07-003,Dorchester Precinct 13-002
2615,Dorchester Precinct 07-004,Dorchester Precinct 07-005
2616,Dorchester Precinct 07-004,Dorchester Precinct 13-002
2617,Dorchester Precinct 07-004,Dorchester Precinct 14-001
2618,Dorchester Precinct 07-005,Dorchester Precinct 14-001
2619,Dorchester Precinct 07-006,Dorchester Precinct 07-007
2620,Dorchester Precinct 09-001,Dorchester Precinct 13-001
2621,Dorchester Precinct 09-001,Dorchester Precinct 16-001
2622,Dorchester Precinct 11-001,Dorchester Precinct 13-001
2623,Dorchester Precinct 11-001,Dorchester Precinct 17-001
2624,Dorchester Precinct 11-001,Dorchester Precinct 18-001
2625,Dorchester Precinct 12-001,Dorchester Precinct 12-002
2626,Dorchester Precinct 12-001,Dorchester Precinct 15-002
2627,Dorchester Precinct 12-001,Dorchester Precinct 15-003
2628,Dorchester Precinct 12-002,Dorchester Precinct 15-002
2629,Dorchester Precinct 12-002,Dorchester Precinct 15-003
2630,Dorchester Precinct 13-001,Dorchester Precinct 13-002
2631,Dorchester Precinct 13-001,Dorchester Precinct 14-002
2632,Dorchester Precinct 13-001,Dorchester Precinct 17-001
2633,Dorchester Precinct 13-002,Dorchester Precinct 14-001
2634,Dorchester Precinct 13-002,Dorchester Precinct 14-002
2635,Dorchester Precinct 14-001,Dorchester Precinct 14-002
2636,Dorchester Precinct 14-001,Dorchester Precinct 17-001
2637,Dorchester Precinct 14-002,Dorchester Precinct 17-001
2638,Dorchester Precinct 15-001,Dorchester Precinct 15-003
2639,Dorchester Precinct 15-002,Dorchester Precinct 15-003
2640,Frederick Precinct 01-001,Frederick Precinct 01-002
2641,Frederick Precinct 01-001,Frederick Precinct 07-001
2642,Frederick Precinct 01-001,Frederick Precinct 14-001
2643,Frederick Precinct 01-001,Frederick Precinct 23-001
2644,Frederick Precinct 01-001,Montgomery Precinct 03-001
2645,Frederick Precinct 01-002,Frederick Precinct 02-014
2646,Frederick Precinct 01-002,Frederick Precinct 02-016
2647,Frederick Precinct 01-002,Frederick Precinct 07-001
2648,Frederick Precinct 01-002,Frederick Precinct 23-001
2649,Frederick Precinct 02-001,Frederick Precinct 02-002
2650,Frederick Precinct 02-001,Frederick Precinct 02-003
2651,Frederick Precinct 02-001,Frederick Precinct 02-004
2652,Frederick Precinct 02-001,Frederick Precinct 02-016
2653,Frederick Precinct 02-001,Frederick Precinct 23-001
2654,Frederick Precinct 02-002,Frederick Precinct 02-003
2655,Frederick Precinct 02-002,Frederick Precinct 02-004
2656,Frederick Precinct 02-002,Frederick Precinct 02-005
2657,Frederick Precinct 02-002,Frederick Precinct 02-013
2658,Frederick Precinct 02-003,Frederick Precinct 02-005
2659,Frederick Precinct 02-003,Frederick Precinct 02-007
2660,Frederick Precinct 02-003,Frederick Precinct 02-009
2661,Frederick Precinct 02-003,Frederick Precinct 02-011
2662,Frederick Precinct 02-003,Frederick Precinct 02-016
2663,Frederick Precinct 02-003,Frederick Precinct 07-001
2664,Frederick Precinct 02-003,Frederick Precinct 07-004
2665,Frederick Precinct 02-003,Frederick Precinct 09-003
2666,Frederick Precinct 02-003,Frederick Precinct 09-006
2667,Frederick Precinct 02-003,Frederick Precinct 09-008
2668,Frederick Precinct 02-003,Frederick Precinct 13-002
2669,Frederick Precinct 02-004,Frederick Precinct 02-012
2670,Frederick Precinct 02-004,Frederick Precinct 02-013
2671,Frederick Precinct 02-004,Frederick Precinct 02-017
2672,Frederick Precinct 02-004,Frederick Precinct 23-001
2673,Frederick Precinct 02-004,Frederick Precinct 23-002
2674,Frederick Precinct 02-005,Frederick Precinct 02-009
2675,Frederick Precinct 02-005,Frederick Precinct 02-013
2676,Frederick Precinct 02-006,Frederick Precinct 02-014
2677,Frederick Precinct 02-006,Frederick Precinct 02-016
2678,Frederick Precinct 02-006,Frederick Precinct 23-001
2679,Frederick Precinct 02-007,Frederick Precinct 02-009
2680,Frederick Precinct 02-007,Frederick Precinct 02-011
2681,Frederick Precinct 02-007,Frederick Precinct 02-015
2682,Frederick Precinct 02-007,Frederick Precinct 02-018
2683,Frederick Precinct 02-007,Frederick Precinct 13-002
2684,Frederick Precinct 02-008,Frederick Precinct 02-009
2685,Frederick Precinct 02-008,Frederick Precinct 02-013
2686,Frederick Precinct 02-008,Frederick Precinct 02-017
2687,Frederick Precinct 02-008,Frederick Precinct 21-001
2688,Frederick Precinct 02-008,Frederick Precinct 21-002
2689,Frederick Precinct 02-008,Frederick Precinct 21-003
2690,Frederick Precinct 02-008,Frederick Precinct 24-002
2691,Frederick Precinct 02-009,Frederick Precinct 02-010
2692,Frederick Precinct 02-009,Frederick Precinct 02-011
2693,Frederick Precinct 02-009,Frederick Precinct 02-013
2694,Frederick Precinct 02-009,Frederick Precinct 21-003
2695,Frederick Precinct 02-010,Frederick Precinct 02-011
2696,Frederick Precinct 02-010,Frederick Precinct 02-015
2697,Frederick Precinct 02-010,Frederick Precinct 20-001
2698,Frederick Precinct 02-010,Frederick Precinct 21-001
2699,Frederick Precinct 02-010,Frederick Precinct 21-003
2700,Frederick Precinct 02-011,Frederick Precinct 02-015
2701,Frederick Precinct 02-012,Frederick Precinct 02-017
2702,Frederick Precinct 02-012,Frederick Precinct 23-001
2703,Frederick Precinct 02-012,Frederick Precinct 23-002
2704,Frederick Precinct 02-012,Frederick Precinct 24-002
2705,Frederick Precinct 02-013,Frederick Precinct 02-017
2706,Frederick Precinct 02-014,Frederick Precinct 02-016
2707,Frederick Precinct 02-014,Frederick Precinct 23-001
2708,Frederick Precinct 02-015,Frederick Precinct 02-018
2709,Frederick Precinct 02-015,Frederick Precinct 13-002
2710,Frederick Precinct 02-015,Frederick Precinct 20-001
2711,Frederick Precinct 02-015,Frederick Precinct 26-001
2712,Frederick Precinct 02-016,Frederick Precinct 07-001
2713,Frederick Precinct 02-016,Frederick Precinct 07-004
2714,Frederick Precinct 02-016,Frederick Precinct 23-001
2715,Frederick Precinct 02-017,Frederick Precinct 24-002
2716,Frederick Precinct 02-018,Frederick Precinct 13-002
2717,Frederick Precinct 02-018,Frederick Precinct 26-001
2718,Frederick Precinct 03-001,Frederick Precinct 03-002
2719,Frederick Precinct 03-001,Frederick Precinct 03-003
2720,Frederick Precinct 03-001,Frederick Precinct 14-001
2721,Frederick Precinct 03-001,Frederick Precinct 16-001
2722,Frederick Precinct 03-001,Frederick Precinct 22-001
2723,Frederick Precinct 03-001,Washington Precinct 06-001
2724,Frederick Precinct 03-001,Washington Precinct 08-001
2725,Frederick Precinct 03-002,Frederick Precinct 03-003
2726,Frederick Precinct 03-002,Frederick Precinct 16-001
2727,Frederick Precinct 03-002,Frederick Precinct 21-001
2728,Frederick Precinct 03-002,Frederick Precinct 24-001
2729,Frederick Precinct 03-002,Frederick Precinct 24-002
2730,Frederick Precinct 03-003,Frederick Precinct 14-001
2731,Frederick Precinct 03-003,Frederick Precinct 24-001
2732,Frederick Precinct 03-003,Frederick Precinct 24-003
2733,Frederick Precinct 04-001,Frederick Precinct 05-001
2734,Frederick Precinct 04-001,Frederick Precinct 11-001
2735,Frederick Precinct 04-001,Frederick Precinct 15-001
2736,Frederick Precinct 04-001,Frederick Precinct 15-002
2737,Frederick Precinct 04-001,Frederick Precinct 20-001
2738,Frederick Precinct 05-001,Frederick Precinct 10-001
2739,Frederick Precinct 05-001,Frederick Precinct 15-002
2740,Frederick Precinct 06-001,Frederick Precinct 10-001
2741,Frederick Precinct 06-001,Frederick Precinct 15-001
2742,Frederick Precinct 06-001,Frederick Precinct 16-001
2743,Frederick Precinct 06-001,Frederick Precinct 20-001
2744,Frederick Precinct 06-001,Washington Precinct 07-001
2745,Frederick Precinct 06-001,Washington Precinct 16-001
2746,Frederick Precinct 06-001,Washington Precinct 18-001
2747,Frederick Precinct 07-001,Frederick Precinct 07-003
2748,Frederick Precinct 07-001,Frederick Precinct 07-004
2749,Frederick Precinct 07-001,Montgomery Precinct 02-007
2750,Frederick Precinct 07-001,Montgomery Precinct 02-008
2751,Frederick Precinct 07-001,Montgomery Precinct 03-001
2752,Frederick Precinct 07-001,Montgomery Precinct 11-000
2753,Frederick Precinct 07-002,Frederick Precinct 07-003
2754,Frederick Precinct 07-002,Frederick Precinct 07-004
2755,Frederick Precinct 07-002,Frederick Precinct 09-001
2756,Frederick Precinct 07-002,Frederick Precinct 09-002
2757,Frederick Precinct 07-002,Frederick Precinct 09-003
2758,Frederick Precinct 07-003,Frederick Precinct 07-004
2759,Frederick Precinct 07-003,Frederick Precinct 09-002
2760,Frederick Precinct 07-003,Frederick Precinct 09-004
2761,Frederick Precinct 07-003,Montgomery Precinct 02-007
2762,Frederick Precinct 07-003,Montgomery Precinct 02-008
2763,Frederick Precinct 07-003,Montgomery Precinct 12-002
2764,Frederick Precinct 07-004,Frederick Precinct 09-003
2765,Frederick Precinct 08-001,Frederick Precinct 09-005
2766,Frederick Precinct 08-001,Frederick Precinct 09-007
2767,Frederick Precinct 08-001,Frederick Precinct 11-001
2768,Frederick Precinct 08-001,Frederick Precinct 13-001
2769,Frederick Precinct 08-001,Frederick Precinct 17-001
2770,Frederick Precinct 08-001,Frederick Precinct 18-002
2771,Frederick Precinct 08-001,Frederick Precinct 19-001
2772,Frederick Precinct 08-001,Frederick Precinct 26-002
2773,Frederick Precinct 09-001,Frederick Precinct 09-002
2774,Frederick Precinct 09-001,Frederick Precinct 09-003
2775,Frederick Precinct 09-001,Frederick Precinct 09-005
2776,Frederick Precinct 09-001,Frederick Precinct 09-006
2777,Frederick Precinct 09-001,Frederick Precinct 09-007
2778,Frederick Precinct 09-002,Frederick Precinct 09-004
2779,Frederick Precinct 09-002,Frederick Precinct 09-005
2780,Frederick Precinct 09-003,Frederick Precinct 09-006
2781,Frederick Precinct 09-003,Frederick Precinct 09-007
2782,Frederick Precinct 09-003,Frederick Precinct 09-008
2783,Frederick Precinct 09-004,Frederick Precinct 09-005
2784,Frederick Precinct 09-004,Frederick Precinct 18-001
2785,Frederick Precinct 09-004,Frederick Precinct 18-002
2786,Frederick Precinct 09-004,Montgomery Precinct 12-002
2787,Frederick Precinct 09-005,Frederick Precinct 09-007
2788,Frederick Precinct 09-005,Frederick Precinct 18-001
2789,Frederick Precinct 09-005,Frederick Precinct 18-002
2790,Frederick Precinct 09-006,Frederick Precinct 09-007
2791,Frederick Precinct 09-006,Frederick Precinct 09-008
2792,Frederick Precinct 09-006,Frederick Precinct 13-001
2793,Frederick Precinct 09-006,Frederick Precinct 13-002
2794,Frederick Precinct 09-007,Frederick Precinct 13-001
2795,Frederick Precinct 10-001,Frederick Precinct 15-001
2796,Frederick Precinct 10-001,Frederick Precinct 15-002
2797,Frederick Precinct 10-001,Washington Precinct 07-001
2798,Frederick Precinct 10-001,Washington Precinct 14-002
2799,Frederick Precinct 11-001,Frederick Precinct 17-001
2800,Frederick Precinct 11-001,Frederick Precinct 20-001
2801,Frederick Precinct 11-001,Frederick Precinct 26-001
2802,Frederick Precinct 11-001,Frederick Precinct 26-002
2803,Frederick Precinct 12-001,Frederick Precinct 14-001
2804,Frederick Precinct 12-001,Frederick Precinct 22-001
2805,Frederick Precinct 12-001,Frederick Precinct 25-001
2806,Frederick Precinct 12-001,Washington Precinct 08-001
2807,Frederick Precinct 12-001,Washington Precinct 11-001
2808,Frederick Precinct 13-001,Frederick Precinct 13-002
2809,Frederick Precinct 13-001,Frederick Precinct 26-002
2810,Frederick Precinct 13-002,Frederick Precinct 26-001
2811,Frederick Precinct 13-002,Frederick Precinct 26-002
2812,Frederick Precinct 14-001,Frederick Precinct 22-001
2813,Frederick Precinct 14-001,Frederick Precinct 23-001
2814,Frederick Precinct 14-001,Frederick Precinct 24-001
2815,Frederick Precinct 14-001,Frederick Precinct 24-003
2816,Frederick Precinct 15-001,Frederick Precinct 15-002
2817,Frederick Precinct 15-001,Frederick Precinct 20-001
2818,Frederick Precinct 16-001,Frederick Precinct 20-001
2819,Frederick Precinct 16-001,Frederick Precinct 21-001
2820,Frederick Precinct 16-001,Washington Precinct 06-001
2821,Frederick Precinct 16-001,Washington Precinct 16-001
2822,Frederick Precinct 17-001,Frederick Precinct 19-001
2823,Frederick Precinct 18-001,Frederick Precinct 18-002
2824,Frederick Precinct 18-001,Howard Precinct 04-001
2825,Frederick Precinct 18-001,Montgomery Precinct 12-002
2826,Frederick Precinct 18-002,Frederick Precinct 19-001
2827,Frederick Precinct 20-001,Frederick Precinct 21-001
2828,Frederick Precinct 20-001,Frederick Precinct 26-001
2829,Frederick Precinct 21-001,Frederick Precinct 21-002
2830,Frederick Precinct 21-001,Frederick Precinct 21-003
2831,Frederick Precinct 21-001,Frederick Precinct 24-002
2832,Frederick Precinct 21-002,Frederick Precinct 21-003
2833,Frederick Precinct 22-001,Washington Precinct 08-001
2834,Frederick Precinct 23-001,Frederick Precinct 23-002
2835,Frederick Precinct 23-001,Frederick Precinct 23-003
2836,Frederick Precinct 23-001,Frederick Precinct 24-001
2837,Frederick Precinct 23-001,Frederick Precinct 24-002
2838,Frederick Precinct 23-001,Frederick Precinct 24-003
2839,Frederick Precinct 23-003,Frederick Precinct 24-002
2840,Frederick Precinct 24-001,Frederick Precinct 24-002
2841,Frederick Precinct 24-001,Frederick Precinct 24-003
2842,Frederick Precinct 26-001,Frederick Precinct 26-002
2843,Garrett Precinct 01-001,Garrett Precinct 04-001
2844,Garrett Precinct 01-001,Garrett Precinct 06-001
2845,Garrett Precinct 01-001,Garrett Precinct 07-001
2846,Garrett Precinct 01-001,Garrett Precinct 10-001
2847,Garrett Precinct 01-001,Garrett Precinct 12-001
2848,Garrett Precinct 01-001,Garrett Precinct 13-001
2849,Garrett Precinct 01-001,Garrett Precinct 14-001
2850,Garrett Precinct 02-001,Garrett Precinct 05-001
2851,Garrett Precinct 02-001,Garrett Precinct 06-001
2852,Garrett Precinct 03-001,Garrett Precinct 03-002
2853,Garrett Precinct 03-001,Garrett Precinct 05-001
2854,Garrett Precinct 03-001,Garrett Precinct 09-001
2855,Garrett Precinct 03-001,Garrett Precinct 12-001
2856,Garrett Precinct 03-001,Garrett Precinct 15-001
2857,Garrett Precinct 03-002,Garrett Precinct 11-001
2858,Garrett Precinct 03-002,Garrett Precinct 12-001
2859,Garrett Precinct 03-002,Garrett Precinct 15-001
2860,Garrett Precinct 04-001,Garrett Precinct 11-001
2861,Garrett Precinct 04-001,Garrett Precinct 12-001
2862,Garrett Precinct 05-001,Garrett Precinct 06-001
2863,Garrett Precinct 05-001,Garrett Precinct 12-001
2864,Garrett Precinct 06-001,Garrett Precinct 12-001
2865,Garrett Precinct 06-001,Garrett Precinct 14-001
2866,Garrett Precinct 07-001,Garrett Precinct 08-002
2867,Garrett Precinct 07-001,Garrett Precinct 10-001
2868,Garrett Precinct 07-001,Garrett Precinct 14-001
2869,Garrett Precinct 07-001,Garrett Precinct 16-001
2870,Garrett Precinct 08-001,Garrett Precinct 08-002
2871,Garrett Precinct 08-001,Garrett Precinct 10-001
2872,Garrett Precinct 08-001,Garrett Precinct 16-001
2873,Garrett Precinct 08-002,Garrett Precinct 14-001
2874,Garrett Precinct 08-002,Garrett Precinct 14-002
2875,Garrett Precinct 08-002,Garrett Precinct 16-001
2876,Garrett Precinct 09-001,Garrett Precinct 11-001
2877,Garrett Precinct 09-001,Garrett Precinct 15-001
2878,Garrett Precinct 10-001,Garrett Precinct 13-001
2879,Garrett Precinct 10-001,Garrett Precinct 16-001
2880,Garrett Precinct 11-001,Garrett Precinct 12-001
2881,Garrett Precinct 11-001,Garrett Precinct 15-001
2882,Garrett Precinct 14-001,Garrett Precinct 14-002
2883,Harford Precinct 01-001,Harford Precinct 01-003
2884,Harford Precinct 01-001,Harford Precinct 01-004
2885,Harford Precinct 01-001,Harford Precinct 01-006
2886,Harford Precinct 01-001,Harford Precinct 01-007
2887,Harford Precinct 01-001,Harford Precinct 01-041
2888,Harford Precinct 01-002,Harford Precinct 01-004
2889,Harford Precinct 01-002,Harford Precinct 01-007
2890,Harford Precinct 01-002,Harford Precinct 01-045
2891,Harford Precinct 01-002,Harford Precinct 03-006
2892,Harford Precinct 01-002,Harford Precinct 03-007
2893,Harford Precinct 01-003,Harford Precinct 01-005
2894,Harford Precinct 01-003,Harford Precinct 01-006
2895,Harford Precinct 01-003,Harford Precinct 01-019
2896,Harford Precinct 01-003,Harford Precinct 01-041
2897,Harford Precinct 01-003,Harford Precinct 02-003
2898,Harford Precinct 01-003,Harford Precinct 02-019
2899,Harford Precinct 01-004,Harford Precinct 01-007
2900,Harford Precinct 01-004,Harford Precinct 01-041
2901,Harford Precinct 01-004,Harford Precinct 01-045
2902,Harford Precinct 01-005,Harford Precinct 01-006
2903,Harford Precinct 01-005,Harford Precinct 01-007
2904,Harford Precinct 01-005,Harford Precinct 01-010
2905,Harford Precinct 01-005,Harford Precinct 01-019
2906,Harford Precinct 01-006,Harford Precinct 01-007
2907,Harford Precinct 01-007,Harford Precinct 01-008
2908,Harford Precinct 01-007,Harford Precinct 01-010
2909,Harford Precinct 01-007,Harford Precinct 01-015
2910,Harford Precinct 01-007,Harford Precinct 03-007
2911,Harford Precinct 01-008,Harford Precinct 01-009
2912,Harford Precinct 01-008,Harford Precinct 01-015
2913,Harford Precinct 01-008,Harford Precinct 01-021
2914,Harford Precinct 01-008,Harford Precinct 03-007
2915,Harford Precinct 01-008,Harford Precinct 03-014
2916,Harford Precinct 01-008,Harford Precinct 03-016
2917,Harford Precinct 01-009,Harford Precinct 01-013
2918,Harford Precinct 01-009,Harford Precinct 01-015
2919,Harford Precinct 01-009,Harford Precinct 01-021
2920,Harford Precinct 01-010,Harford Precinct 01-012
2921,Harford Precinct 01-010,Harford Precinct 01-013
2922,Harford Precinct 01-010,Harford Precinct 01-015
2923,Harford Precinct 01-010,Harford Precinct 01-016
2924,Harford Precinct 01-010,Harford Precinct 01-018
2925,Harford Precinct 01-010,Harford Precinct 01-019
2926,Harford Precinct 01-010,Harford Precinct 01-020
2927,Harford Precinct 01-010,Harford Precinct 02-003
2928,Harford Precinct 01-011,Harford Precinct 01-012
2929,Harford Precinct 01-011,Harford Precinct 01-013
2930,Harford Precinct 01-011,Harford Precinct 01-021
2931,Harford Precinct 01-012,Harford Precinct 01-013
2932,Harford Precinct 01-012,Harford Precinct 01-014
2933,Harford Precinct 01-012,Harford Precinct 01-017
2934,Harford Precinct 01-012,Harford Precinct 01-018
2935,Harford Precinct 01-012,Harford Precinct 01-021
2936,Harford Precinct 01-013,Harford Precinct 01-015
2937,Harford Precinct 01-013,Harford Precinct 01-018
2938,Harford Precinct 01-013,Harford Precinct 01-021
2939,Harford Precinct 01-014,Harford Precinct 01-017
2940,Harford Precinct 01-014,Harford Precinct 01-021
2941,Harford Precinct 01-014,Harford Precinct 03-016
2942,Harford Precinct 01-014,Harford Precinct 03-017
2943,Harford Precinct 01-014,Harford Precinct 03-020
2944,Harford Precinct 01-014,Harford Precinct 03-021
2945,Harford Precinct 01-016,Harford Precinct 01-017
2946,Harford Precinct 01-016,Harford Precinct 01-018
2947,Harford Precinct 01-016,Harford Precinct 01-020
2948,Harford Precinct 01-017,Harford Precinct 01-018
2949,Harford Precinct 01-017,Harford Precinct 01-020
2950,Harford Precinct 01-017,Harford Precinct 02-001
2951,Harford Precinct 01-017,Harford Precinct 03-002
2952,Harford Precinct 01-017,Harford Precinct 03-020
2953,Harford Precinct 01-017,Harford Precinct 03-021
2954,Harford Precinct 01-019,Harford Precinct 02-003
2955,Harford Precinct 01-020,Harford Precinct 02-001
2956,Harford Precinct 01-020,Harford Precinct 02-003
2957,Harford Precinct 01-021,Harford Precinct 03-016
2958,Harford Precinct 01-041,Harford Precinct 01-045
2959,Harford Precinct 02-001,Harford Precinct 02-002
2960,Harford Precinct 02-001,Harford Precinct 02-003
2961,Harford Precinct 02-001,Harford Precinct 02-010
2962,Harford Precinct 02-001,Harford Precinct 02-011
2963,Harford Precinct 02-001,Harford Precinct 02-015
2964,Harford Precinct 02-001,Harford Precinct 03-002
2965,Harford Precinct 02-002,Harford Precinct 02-004
2966,Harford Precinct 02-002,Harford Precinct 02-011
2967,Harford Precinct 02-002,Harford Precinct 03-002
2968,Harford Precinct 02-002,Harford Precinct 05-004
2969,Harford Precinct 02-002,Harford Precinct 06-004
2970,Harford Precinct 02-002,Harford Precinct 06-007
2971,Harford Precinct 02-003,Harford Precinct 02-015
2972,Harford Precinct 02-003,Harford Precinct 02-019
2973,Harford Precinct 02-004,Harford Precinct 02-005
2974,Harford Precinct 02-004,Harford Precinct 02-011
2975,Harford Precinct 02-004,Harford Precinct 06-005
2976,Harford Precinct 02-004,Harford Precinct 06-007
2977,Harford Precinct 02-005,Harford Precinct 02-011
2978,Harford Precinct 02-005,Harford Precinct 02-014
2979,Harford Precinct 02-005,Harford Precinct 02-019
2980,Harford Precinct 02-005,Harford Precinct 06-005
2981,Harford Precinct 02-005,Harford Precinct 06-007
2982,Harford Precinct 02-010,Harford Precinct 02-011
2983,Harford Precinct 02-010,Harford Precinct 02-015
2984,Harford Precinct 02-011,Harford Precinct 02-014
2985,Harford Precinct 02-011,Harford Precinct 02-015
2986,Harford Precinct 02-011,Harford Precinct 06-007
2987,Harford Precinct 02-014,Harford Precinct 02-015
2988,Harford Precinct 02-014,Harford Precinct 02-019
2989,Harford Precinct 02-014,Harford Precinct 06-007
2990,Harford Precinct 02-015,Harford Precinct 02-019
2991,Harford Precinct 02-019,Harford Precinct 06-007
2992,Harford Precinct 03-002,Harford Precinct 03-020
2993,Harford Precinct 03-002,Harford Precinct 05-004
2994,Harford Precinct 03-003,Harford Precinct 03-005
2995,Harford Precinct 03-003,Harford Precinct 03-006
2996,Harford Precinct 03-003,Harford Precinct 03-007
2997,Harford Precinct 03-003,Harford Precinct 03-008
2998,Harford Precinct 03-003,Harford Precinct 03-013
2999,Harford Precinct 03-003,Harford Precinct 04-002
3000,Harford Precinct 03-003,Harford Precinct 04-005
3001,Harford Precinct 03-004,Harford Precinct 03-005
3002,Harford Precinct 03-004,Harford Precinct 03-019
3003,Harford Precinct 03-004,Harford Precinct 03-020
3004,Harford Precinct 03-004,Harford Precinct 03-022
3005,Harford Precinct 03-004,Harford Precinct 05-001
3006,Harford Precinct 03-004,Harford Precinct 05-002
3007,Harford Precinct 03-004,Harford Precinct 05-004
3008,Harford Precinct 03-005,Harford Precinct 03-008
3009,Harford Precinct 03-005,Harford Precinct 03-009
3010,Harford Precinct 03-005,Harford Precinct 03-019
3011,Harford Precinct 03-005,Harford Precinct 03-024
3012,Harford Precinct 03-005,Harford Precinct 04-004
3013,Harford Precinct 03-005,Harford Precinct 04-005
3014,Harford Precinct 03-005,Harford Precinct 05-002
3015,Harford Precinct 03-006,Harford Precinct 03-007
3016,Harford Precinct 03-006,Harford Precinct 04-002
3017,Harford Precinct 03-006,Harford Precinct 04-005
3018,Harford Precinct 03-007,Harford Precinct 03-013
3019,Harford Precinct 03-007,Harford Precinct 03-014
3020,Harford Precinct 03-008,Harford Precinct 03-009
3021,Harford Precinct 03-008,Harford Precinct 03-013
3022,Harford Precinct 03-008,Harford Precinct 03-015
3023,Harford Precinct 03-008,Harford Precinct 03-024
3024,Harford Precinct 03-009,Harford Precinct 03-024
3025,Harford Precinct 03-010,Harford Precinct 03-011
3026,Harford Precinct 03-010,Harford Precinct 03-012
3027,Harford Precinct 03-010,Harford Precinct 03-013
3028,Harford Precinct 03-010,Harford Precinct 03-014
3029,Harford Precinct 03-010,Harford Precinct 03-015
3030,Harford Precinct 03-011,Harford Precinct 03-012
3031,Harford Precinct 03-011,Harford Precinct 03-015
3032,Harford Precinct 03-011,Harford Precinct 03-018
3033,Harford Precinct 03-011,Harford Precinct 03-019
3034,Harford Precinct 03-012,Harford Precinct 03-014
3035,Harford Precinct 03-012,Harford Precinct 03-016
3036,Harford Precinct 03-012,Harford Precinct 03-017
3037,Harford Precinct 03-012,Harford Precinct 03-018
3038,Harford Precinct 03-013,Harford Precinct 03-014
3039,Harford Precinct 03-013,Harford Precinct 03-015
3040,Harford Precinct 03-014,Harford Precinct 03-016
3041,Harford Precinct 03-015,Harford Precinct 03-019
3042,Harford Precinct 03-015,Harford Precinct 03-024
3043,Harford Precinct 03-016,Harford Precinct 03-017
3044,Harford Precinct 03-017,Harford Precinct 03-018
3045,Harford Precinct 03-017,Harford Precinct 03-021
3046,Harford Precinct 03-017,Harford Precinct 03-023
3047,Harford Precinct 03-018,Harford Precinct 03-019
3048,Harford Precinct 03-018,Harford Precinct 03-022
3049,Harford Precinct 03-018,Harford Precinct 03-023
3050,Harford Precinct 03-019,Harford Precinct 03-022
3051,Harford Precinct 03-019,Harford Precinct 03-024
3052,Harford Precinct 03-020,Harford Precinct 03-021
3053,Harford Precinct 03-020,Harford Precinct 03-022
3054,Harford Precinct 03-020,Harford Precinct 03-023
3055,Harford Precinct 03-020,Harford Precinct 05-004
3056,Harford Precinct 03-021,Harford Precinct 03-023
3057,Harford Precinct 03-022,Harford Precinct 03-023
3058,Harford Precinct 04-001,Harford Precinct 04-002
3059,Harford Precinct 04-001,Harford Precinct 04-003
3060,Harford Precinct 04-001,Harford Precinct 04-004
3061,Harford Precinct 04-001,Harford Precinct 04-005
3062,Harford Precinct 04-001,Harford Precinct 04-006
3063,Harford Precinct 04-002,Harford Precinct 04-005
3064,Harford Precinct 04-003,Harford Precinct 04-004
3065,Harford Precinct 04-003,Harford Precinct 04-006
3066,Harford Precinct 04-003,Harford Precinct 05-002
3067,Harford Precinct 04-004,Harford Precinct 04-005
3068,Harford Precinct 04-004,Harford Precinct 04-006
3069,Harford Precinct 04-004,Harford Precinct 05-002
3070,Harford Precinct 05-001,Harford Precinct 05-002
3071,Harford Precinct 05-001,Harford Precinct 05-003
3072,Harford Precinct 05-001,Harford Precinct 05-004
3073,Harford Precinct 05-002,Harford Precinct 05-003
3074,Harford Precinct 06-001,Harford Precinct 06-002
3075,Harford Precinct 06-001,Harford Precinct 06-003
3076,Harford Precinct 06-001,Harford Precinct 06-006
3077,Harford Precinct 06-002,Harford Precinct 06-004
3078,Harford Precinct 06-002,Harford Precinct 06-006
3079,Harford Precinct 06-002,Harford Precinct 06-007
3080,Harford Precinct 06-003,Harford Precinct 06-006
3081,Harford Precinct 06-003,Harford Precinct 06-007
3082,Harford Precinct 06-004,Harford Precinct 06-006
3083,Harford Precinct 06-004,Harford Precinct 06-007
3084,Harford Precinct 06-005,Harford Precinct 06-006
3085,Harford Precinct 06-005,Harford Precinct 06-007
3086,Harford Precinct 06-006,Harford Precinct 06-007
3087,Howard Precinct 01-001,Howard Precinct 01-002
3088,Howard Precinct 01-001,Howard Precinct 01-008
3089,Howard Precinct 01-001,Howard Precinct 01-011
3090,Howard Precinct 01-001,Howard Precinct 01-013
3091,Howard Precinct 01-002,Howard Precinct 01-008
3092,Howard Precinct 01-002,Howard Precinct 01-011
3093,Howard Precinct 01-002,Howard Precinct 01-013
3094,Howard Precinct 01-002,Howard Precinct 01-014
3095,Howard Precinct 01-002,Howard Precinct 01-015
3096,Howard Precinct 01-003,Howard Precinct 01-006
3097,Howard Precinct 01-003,Howard Precinct 01-007
3098,Howard Precinct 01-003,Howard Precinct 01-009
3099,Howard Precinct 01-003,Howard Precinct 01-011
3100,Howard Precinct 01-003,Howard Precinct 01-012
3101,Howard Precinct 01-003,Howard Precinct 01-014
3102,Howard Precinct 01-003,Howard Precinct 01-015
3103,Howard Precinct 01-003,Howard Precinct 06-029
3104,Howard Precinct 01-004,Howard Precinct 01-005
3105,Howard Precinct 01-004,Howard Precinct 01-011
3106,Howard Precinct 01-004,Howard Precinct 01-012
3107,Howard Precinct 01-004,Howard Precinct 02-016
3108,Howard Precinct 01-004,Howard Precinct 02-025
3109,Howard Precinct 01-005,Howard Precinct 01-007
3110,Howard Precinct 01-005,Howard Precinct 01-010
3111,Howard Precinct 01-005,Howard Precinct 01-012
3112,Howard Precinct 01-005,Howard Precinct 02-003
3113,Howard Precinct 01-005,Howard Precinct 02-016
3114,Howard Precinct 01-005,Howard Precinct 02-025
3115,Howard Precinct 01-006,Howard Precinct 01-015
3116,Howard Precinct 01-006,Howard Precinct 06-029
3117,Howard Precinct 01-006,Howard Precinct 06-030
3118,Howard Precinct 01-007,Howard Precinct 01-010
3119,Howard Precinct 01-007,Howard Precinct 01-012
3120,Howard Precinct 01-007,Howard Precinct 06-016
3121,Howard Precinct 01-007,Howard Precinct 06-029
3122,Howard Precinct 01-008,Howard Precinct 01-013
3123,Howard Precinct 01-009,Howard Precinct 01-014
3124,Howard Precinct 01-009,Howard Precinct 01-015
3125,Howard Precinct 01-010,Howard Precinct 02-003
3126,Howard Precinct 01-010,Howard Precinct 02-004
3127,Howard Precinct 01-010,Howard Precinct 06-016
3128,Howard Precinct 01-011,Howard Precinct 01-012
3129,Howard Precinct 01-011,Howard Precinct 01-014
3130,Howard Precinct 01-011,Howard Precinct 02-016
3131,Howard Precinct 01-013,Howard Precinct 01-015
3132,Howard Precinct 01-014,Howard Precinct 01-015
3133,Howard Precinct 01-015,Howard Precinct 06-030
3134,Howard Precinct 02-001,Howard Precinct 02-002
3135,Howard Precinct 02-001,Howard Precinct 02-008
3136,Howard Precinct 02-001,Howard Precinct 02-009
3137,Howard Precinct 02-001,Howard Precinct 02-012
3138,Howard Precinct 02-001,Howard Precinct 02-016
3139,Howard Precinct 02-001,Howard Precinct 02-023
3140,Howard Precinct 02-002,Howard Precinct 02-003
3141,Howard Precinct 02-002,Howard Precinct 02-012
3142,Howard Precinct 02-002,Howard Precinct 02-016
3143,Howard Precinct 02-002,Howard Precinct 02-021
3144,Howard Precinct 02-003,Howard Precinct 02-004
3145,Howard Precinct 02-003,Howard Precinct 02-012
3146,Howard Precinct 02-003,Howard Precinct 02-016
3147,Howard Precinct 02-003,Howard Precinct 02-020
3148,Howard Precinct 02-003,Howard Precinct 02-021
3149,Howard Precinct 02-004,Howard Precinct 02-020
3150,Howard Precinct 02-004,Howard Precinct 06-006
3151,Howard Precinct 02-004,Howard Precinct 06-010
3152,Howard Precinct 02-004,Howard Precinct 06-016
3153,Howard Precinct 02-005,Howard Precinct 02-010
3154,Howard Precinct 02-005,Howard Precinct 02-015
3155,Howard Precinct 02-005,Howard Precinct 02-017
3156,Howard Precinct 02-006,Howard Precinct 02-008
3157,Howard Precinct 02-006,Howard Precinct 02-009
3158,Howard Precinct 02-006,Howard Precinct 02-012
3159,Howard Precinct 02-006,Howard Precinct 02-018
3160,Howard Precinct 02-006,Howard Precinct 02-024
3161,Howard Precinct 02-007,Howard Precinct 02-008
3162,Howard Precinct 02-007,Howard Precinct 02-019
3163,Howard Precinct 02-007,Howard Precinct 02-024
3164,Howard Precinct 02-008,Howard Precinct 02-009
3165,Howard Precinct 02-008,Howard Precinct 02-023
3166,Howard Precinct 02-008,Howard Precinct 02-024
3167,Howard Precinct 02-009,Howard Precinct 02-012
3168,Howard Precinct 02-009,Howard Precinct 02-024
3169,Howard Precinct 02-010,Howard Precinct 02-014
3170,Howard Precinct 02-010,Howard Precinct 02-015
3171,Howard Precinct 02-010,Howard Precinct 02-017
3172,Howard Precinct 02-010,Howard Precinct 02-022
3173,Howard Precinct 02-010,Howard Precinct 05-003
3174,Howard Precinct 02-010,Howard Precinct 05-016
3175,Howard Precinct 02-011,Howard Precinct 02-015
3176,Howard Precinct 02-011,Howard Precinct 02-017
3177,Howard Precinct 02-011,Howard Precinct 02-018
3178,Howard Precinct 02-011,Howard Precinct 02-019
3179,Howard Precinct 02-011,Howard Precinct 02-024
3180,Howard Precinct 02-011,Howard Precinct 03-005
3181,Howard Precinct 02-012,Howard Precinct 02-013
3182,Howard Precinct 02-012,Howard Precinct 02-015
3183,Howard Precinct 02-012,Howard Precinct 02-018
3184,Howard Precinct 02-012,Howard Precinct 02-021
3185,Howard Precinct 02-013,Howard Precinct 02-014
3186,Howard Precinct 02-013,Howard Precinct 02-015
3187,Howard Precinct 02-013,Howard Precinct 02-020
3188,Howard Precinct 02-013,Howard Precinct 02-021
3189,Howard Precinct 02-014,Howard Precinct 02-015
3190,Howard Precinct 02-014,Howard Precinct 02-020
3191,Howard Precinct 02-014,Howard Precinct 05-003
3192,Howard Precinct 02-014,Howard Precinct 05-016
3193,Howard Precinct 02-015,Howard Precinct 02-017
3194,Howard Precinct 02-015,Howard Precinct 02-018
3195,Howard Precinct 02-016,Howard Precinct 02-025
3196,Howard Precinct 02-017,Howard Precinct 02-018
3197,Howard Precinct 02-017,Howard Precinct 02-022
3198,Howard Precinct 02-017,Howard Precinct 03-001
3199,Howard Precinct 02-017,Howard Precinct 03-003
3200,Howard Precinct 02-017,Howard Precinct 03-004
3201,Howard Precinct 02-017,Howard Precinct 03-005
3202,Howard Precinct 02-018,Howard Precinct 02-019
3203,Howard Precinct 02-018,Howard Precinct 02-024
3204,Howard Precinct 02-019,Howard Precinct 02-024
3205,Howard Precinct 02-019,Howard Precinct 03-005
3206,Howard Precinct 02-020,Howard Precinct 02-021
3207,Howard Precinct 02-020,Howard Precinct 05-016
3208,Howard Precinct 02-020,Howard Precinct 06-006
3209,Howard Precinct 02-022,Howard Precinct 03-003
3210,Howard Precinct 02-022,Howard Precinct 05-002
3211,Howard Precinct 02-022,Howard Precinct 05-003
3212,Howard Precinct 02-022,Howard Precinct 05-009
3213,Howard Precinct 02-022,Howard Precinct 05-014
3214,Howard Precinct 03-001,Howard Precinct 03-002
3215,Howard Precinct 03-001,Howard Precinct 03-003
3216,Howard Precinct 03-001,Howard Precinct 03-004
3217,Howard Precinct 03-001,Howard Precinct 03-005
3218,Howard Precinct 03-001,Howard Precinct 03-006
3219,Howard Precinct 03-002,Howard Precinct 03-005
3220,Howard Precinct 03-002,Howard Precinct 03-006
3221,Howard Precinct 03-002,Howard Precinct 04-004
3222,Howard Precinct 03-003,Howard Precinct 03-004
3223,Howard Precinct 03-003,Howard Precinct 03-006
3224,Howard Precinct 03-003,Howard Precinct 05-001
3225,Howard Precinct 03-003,Howard Precinct 05-009
3226,Howard Precinct 03-003,Howard Precinct 05-023
3227,Howard Precinct 03-006,Howard Precinct 04-002
3228,Howard Precinct 03-006,Howard Precinct 04-004
3229,Howard Precinct 03-006,Howard Precinct 05-001
3230,Howard Precinct 03-006,Howard Precinct 05-019
3231,Howard Precinct 04-001,Howard Precinct 04-003
3232,Howard Precinct 04-001,Howard Precinct 04-005
3233,Howard Precinct 04-001,Montgomery Precinct 01-001
3234,Howard Precinct 04-001,Montgomery Precinct 12-001
3235,Howard Precinct 04-001,Montgomery Precinct 12-002
3236,Howard Precinct 04-002,Howard Precinct 04-004
3237,Howard Precinct 04-002,Howard Precinct 04-006
3238,Howard Precinct 04-002,Howard Precinct 05-001
3239,Howard Precinct 04-002,Howard Precinct 05-019
3240,Howard Precinct 04-003,Howard Precinct 04-004
3241,Howard Precinct 04-003,Howard Precinct 04-005
3242,Howard Precinct 04-003,Howard Precinct 04-006
3243,Howard Precinct 04-003,Montgomery Precinct 01-001
3244,Howard Precinct 04-004,Howard Precinct 04-005
3245,Howard Precinct 04-004,Howard Precinct 04-006
3246,Howard Precinct 04-006,Howard Precinct 05-019
3247,Howard Precinct 04-006,Montgomery Precinct 01-001
3248,Howard Precinct 04-006,Montgomery Precinct 08-007
3249,Howard Precinct 05-001,Howard Precinct 05-010
3250,Howard Precinct 05-001,Howard Precinct 05-011
3251,Howard Precinct 05-001,Howard Precinct 05-019
3252,Howard Precinct 05-001,Howard Precinct 05-022
3253,Howard Precinct 05-001,Howard Precinct 05-023
3254,Howard Precinct 05-002,Howard Precinct 05-008
3255,Howard Precinct 05-002,Howard Precinct 05-009
3256,Howard Precinct 05-002,Howard Precinct 05-014
3257,Howard Precinct 05-003,Howard Precinct 05-004
3258,Howard Precinct 05-003,Howard Precinct 05-008
3259,Howard Precinct 05-003,Howard Precinct 05-014
3260,Howard Precinct 05-003,Howard Precinct 05-015
3261,Howard Precinct 05-003,Howard Precinct 05-016
3262,Howard Precinct 05-003,Howard Precinct 06-006
3263,Howard Precinct 05-003,Howard Precinct 06-008
3264,Howard Precinct 05-003,Howard Precinct 06-009
3265,Howard Precinct 05-004,Howard Precinct 05-008
3266,Howard Precinct 05-004,Howard Precinct 05-009
3267,Howard Precinct 05-004,Howard Precinct 05-015
3268,Howard Precinct 05-005,Howard Precinct 05-006
3269,Howard Precinct 05-005,Howard Precinct 05-013
3270,Howard Precinct 05-005,Howard Precinct 05-017
3271,Howard Precinct 05-005,Howard Precinct 05-022
3272,Howard Precinct 05-005,Howard Precinct 06-003
3273,Howard Precinct 05-005,Howard Precinct 06-004
3274,Howard Precinct 05-005,Howard Precinct 06-018
3275,Howard Precinct 05-005,Howard Precinct 06-025
3276,Howard Precinct 05-006,Howard Precinct 05-011
3277,Howard Precinct 05-006,Howard Precinct 05-020
3278,Howard Precinct 05-006,Howard Precinct 05-022
3279,Howard Precinct 05-006,Howard Precinct 06-003
3280,Howard Precinct 05-006,Howard Precinct 06-025
3281,Howard Precinct 05-006,Howard Precinct 06-028
3282,Howard Precinct 05-006,Howard Precinct 06-032
3283,Howard Precinct 05-007,Howard Precinct 05-009
3284,Howard Precinct 05-007,Howard Precinct 05-010
3285,Howard Precinct 05-007,Howard Precinct 05-015
3286,Howard Precinct 05-007,Howard Precinct 05-018
3287,Howard Precinct 05-007,Howard Precinct 05-021
3288,Howard Precinct 05-007,Howard Precinct 05-023
3289,Howard Precinct 05-008,Howard Precinct 05-009
3290,Howard Precinct 05-008,Howard Precinct 05-014
3291,Howard Precinct 05-009,Howard Precinct 05-015
3292,Howard Precinct 05-009,Howard Precinct 05-018
3293,Howard Precinct 05-009,Howard Precinct 05-023
3294,Howard Precinct 05-010,Howard Precinct 05-021
3295,Howard Precinct 05-010,Howard Precinct 05-022
3296,Howard Precinct 05-010,Howard Precinct 05-023
3297,Howard Precinct 05-011,Howard Precinct 05-019
3298,Howard Precinct 05-011,Howard Precinct 05-020
3299,Howard Precinct 05-011,Howard Precinct 05-022
3300,Howard Precinct 05-011,Montgomery Precinct 08-006
3301,Howard Precinct 05-011,Montgomery Precinct 08-007
3302,Howard Precinct 05-012,Howard Precinct 05-015
3303,Howard Precinct 05-012,Howard Precinct 05-017
3304,Howard Precinct 05-012,Howard Precinct 05-018
3305,Howard Precinct 05-013,Howard Precinct 05-015
3306,Howard Precinct 05-013,Howard Precinct 05-017
3307,Howard Precinct 05-013,Howard Precinct 06-004
3308,Howard Precinct 05-013,Howard Precinct 06-018
3309,Howard Precinct 05-015,Howard Precinct 05-017
3310,Howard Precinct 05-015,Howard Precinct 05-018
3311,Howard Precinct 05-015,Howard Precinct 06-004
3312,Howard Precinct 05-015,Howard Precinct 06-008
3313,Howard Precinct 05-016,Howard Precinct 06-006
3314,Howard Precinct 05-016,Howard Precinct 06-009
3315,Howard Precinct 05-017,Howard Precinct 05-018
3316,Howard Precinct 05-017,Howard Precinct 05-021
3317,Howard Precinct 05-017,Howard Precinct 05-022
3318,Howard Precinct 05-018,Howard Precinct 05-021
3319,Howard Precinct 05-019,Montgomery Precinct 08-007
3320,Howard Precinct 05-020,Howard Precinct 06-028
3321,Howard Precinct 05-020,Howard Precinct 06-032
3322,Howard Precinct 05-020,Montgomery Precinct 05-018
3323,Howard Precinct 05-020,Montgomery Precinct 08-006
3324,Howard Precinct 05-020,Montgomery Precinct 08-007
3325,Howard Precinct 05-021,Howard Precinct 05-022
3326,Howard Precinct 06-001,Howard Precinct 06-007
3327,Howard Precinct 06-001,Howard Precinct 06-020
3328,Howard Precinct 06-001,Howard Precinct 06-023
3329,Howard Precinct 06-001,Howard Precinct 06-027
3330,Howard Precinct 06-001,Howard Precinct 06-033
3331,Howard Precinct 06-001,Howard Precinct 06-035
3332,Howard Precinct 06-002,Howard Precinct 06-015
3333,Howard Precinct 06-002,Howard Precinct 06-024
3334,Howard Precinct 06-002,Howard Precinct 06-027
3335,Howard Precinct 06-002,Howard Precinct 06-034
3336,Howard Precinct 06-003,Howard Precinct 06-025
3337,Howard Precinct 06-003,Howard Precinct 06-032
3338,Howard Precinct 06-003,Howard Precinct 06-035
3339,Howard Precinct 06-004,Howard Precinct 06-008
3340,Howard Precinct 06-004,Howard Precinct 06-012
3341,Howard Precinct 06-004,Howard Precinct 06-013
3342,Howard Precinct 06-004,Howard Precinct 06-017
3343,Howard Precinct 06-004,Howard Precinct 06-018
3344,Howard Precinct 06-004,Howard Precinct 06-020
3345,Howard Precinct 06-004,Howard Precinct 06-022
3346,Howard Precinct 06-004,Howard Precinct 06-026
3347,Howard Precinct 06-005,Howard Precinct 06-008
3348,Howard Precinct 06-005,Howard Precinct 06-009
3349,Howard Precinct 06-005,Howard Precinct 06-011
3350,Howard Precinct 06-005,Howard Precinct 06-012
3351,Howard Precinct 06-006,Howard Precinct 06-009
3352,Howard Precinct 06-006,Howard Precinct 06-010
3353,Howard Precinct 06-007,Howard Precinct 06-019
3354,Howard Precinct 06-007,Howard Precinct 06-020
3355,Howard Precinct 06-007,Howard Precinct 06-030
3356,Howard Precinct 06-007,Howard Precinct 06-033
3357,Howard Precinct 06-008,Howard Precinct 06-009
3358,Howard Precinct 06-008,Howard Precinct 06-012
3359,Howard Precinct 06-009,Howard Precinct 06-010
3360,Howard Precinct 06-009,Howard Precinct 06-011
3361,Howard Precinct 06-009,Howard Precinct 06-031
3362,Howard Precinct 06-010,Howard Precinct 06-014
3363,Howard Precinct 06-010,Howard Precinct 06-016
3364,Howard Precinct 06-010,Howard Precinct 06-021
3365,Howard Precinct 06-010,Howard Precinct 06-031
3366,Howard Precinct 06-011,Howard Precinct 06-012
3367,Howard Precinct 06-011,Howard Precinct 06-013
3368,Howard Precinct 06-011,Howard Precinct 06-019
3369,Howard Precinct 06-011,Howard Precinct 06-021
3370,Howard Precinct 06-011,Howard Precinct 06-022
3371,Howard Precinct 06-011,Howard Precinct 06-029
3372,Howard Precinct 06-011,Howard Precinct 06-031
3373,Howard Precinct 06-012,Howard Precinct 06-017
3374,Howard Precinct 06-012,Howard Precinct 06-022
3375,Howard Precinct 06-013,Howard Precinct 06-019
3376,Howard Precinct 06-013,Howard Precinct 06-020
3377,Howard Precinct 06-013,Howard Precinct 06-022
3378,Howard Precinct 06-013,Howard Precinct 06-026
3379,Howard Precinct 06-014,Howard Precinct 06-016
3380,Howard Precinct 06-014,Howard Precinct 06-021
3381,Howard Precinct 06-015,Howard Precinct 06-024
3382,Howard Precinct 06-015,Howard Precinct 06-034
3383,Howard Precinct 06-015,Prince George's Precinct 10-002
3384,Howard Precinct 06-015,Prince George's Precinct 10-003
3385,Howard Precinct 06-016,Howard Precinct 06-021
3386,Howard Precinct 06-016,Howard Precinct 06-029
3387,Howard Precinct 06-017,Howard Precinct 06-022
3388,Howard Precinct 06-018,Howard Precinct 06-025
3389,Howard Precinct 06-018,Howard Precinct 06-026
3390,Howard Precinct 06-019,Howard Precinct 06-020
3391,Howard Precinct 06-019,Howard Precinct 06-029
3392,Howard Precinct 06-019,Howard Precinct 06-030
3393,Howard Precinct 06-019,Howard Precinct 06-033
3394,Howard Precinct 06-020,Howard Precinct 06-023
3395,Howard Precinct 06-020,Howard Precinct 06-026
3396,Howard Precinct 06-020,Howard Precinct 06-033
3397,Howard Precinct 06-021,Howard Precinct 06-029
3398,Howard Precinct 06-021,Howard Precinct 06-031
3399,Howard Precinct 06-023,Howard Precinct 06-025
3400,Howard Precinct 06-023,Howard Precinct 06-026
3401,Howard Precinct 06-023,Howard Precinct 06-033
3402,Howard Precinct 06-023,Howard Precinct 06-035
3403,Howard Precinct 06-024,Howard Precinct 06-027
3404,Howard Precinct 06-024,Howard Precinct 06-028
3405,Howard Precinct 06-024,Howard Precinct 06-032
3406,Howard Precinct 06-024,Howard Precinct 06-035
3407,Howard Precinct 06-024,Prince George's Precinct 10-002
3408,Howard Precinct 06-024,Prince George's Precinct 10-003
3409,Howard Precinct 06-024,Prince George's Precinct 10-005
3410,Howard Precinct 06-025,Howard Precinct 06-026
3411,Howard Precinct 06-025,Howard Precinct 06-035
3412,Howard Precinct 06-026,Howard Precinct 06-035
3413,Howard Precinct 06-027,Howard Precinct 06-032
3414,Howard Precinct 06-027,Howard Precinct 06-035
3415,Howard Precinct 06-028,Howard Precinct 06-032
3416,Howard Precinct 06-028,Montgomery Precinct 05-018
3417,Howard Precinct 06-028,Prince George's Precinct 10-005
3418,Howard Precinct 06-029,Howard Precinct 06-030
3419,Howard Precinct 06-032,Howard Precinct 06-035
3420,Howard Precinct 06-034,Prince George's Precinct 10-003
3421,Kent Precinct 01-001,Kent Precinct 01-002
3422,Kent Precinct 01-001,Kent Precinct 02-001
3423,Kent Precinct 01-001,Queen Anne's Precinct 01-001
3424,Kent Precinct 01-001,Queen Anne's Precinct 07-001
3425,Kent Precinct 01-002,Kent Precinct 02-001
3426,Kent Precinct 02-001,Kent Precinct 03-001
3427,Kent Precinct 02-001,Kent Precinct 03-002
3428,Kent Precinct 02-001,Kent Precinct 04-001
3429,Kent Precinct 02-001,Queen Anne's Precinct 07-001
3430,Kent Precinct 03-001,Kent Precinct 03-002
3431,Kent Precinct 03-001,Kent Precinct 04-001
3432,Kent Precinct 03-001,Kent Precinct 04-002
3433,Kent Precinct 03-001,Kent Precinct 06-001
3434,Kent Precinct 04-001,Kent Precinct 04-002
3435,Kent Precinct 04-002,Kent Precinct 06-001
3436,Kent Precinct 04-002,Kent Precinct 07-001
3437,Kent Precinct 05-001,Kent Precinct 06-001
3438,Kent Precinct 05-001,Kent Precinct 07-001
3439,Kent Precinct 06-001,Kent Precinct 07-001
3440,Montgomery Precinct 01-001,Montgomery Precinct 01-002
3441,Montgomery Precinct 01-001,Montgomery Precinct 01-005
3442,Montgomery Precinct 01-001,Montgomery Precinct 08-004
3443,Montgomery Precinct 01-001,Montgomery Precinct 08-005
3444,Montgomery Precinct 01-001,Montgomery Precinct 08-007
3445,Montgomery Precinct 01-001,Montgomery Precinct 12-001
3446,Montgomery Precinct 01-001,Montgomery Precinct 12-003
3447,Montgomery Precinct 01-002,Montgomery Precinct 01-003
3448,Montgomery Precinct 01-002,Montgomery Precinct 01-005
3449,Montgomery Precinct 01-002,Montgomery Precinct 01-006
3450,Montgomery Precinct 01-002,Montgomery Precinct 02-006
3451,Montgomery Precinct 01-002,Montgomery Precinct 09-012
3452,Montgomery Precinct 01-002,Montgomery Precinct 09-019
3453,Montgomery Precinct 01-002,Montgomery Precinct 09-023
3454,Montgomery Precinct 01-002,Montgomery Precinct 09-030
3455,Montgomery Precinct 01-002,Montgomery Precinct 12-003
3456,Montgomery Precinct 01-002,Montgomery Precinct 12-004
3457,Montgomery Precinct 01-003,Montgomery Precinct 01-006
3458,Montgomery Precinct 01-003,Montgomery Precinct 09-019
3459,Montgomery Precinct 01-003,Montgomery Precinct 09-022
3460,Montgomery Precinct 01-003,Montgomery Precinct 09-023
3461,Montgomery Precinct 01-004,Montgomery Precinct 01-005
3462,Montgomery Precinct 01-004,Montgomery Precinct 01-006
3463,Montgomery Precinct 01-004,Montgomery Precinct 09-004
3464,Montgomery Precinct 01-004,Montgomery Precinct 09-021
3465,Montgomery Precinct 01-004,Montgomery Precinct 09-022
3466,Montgomery Precinct 01-004,Montgomery Precinct 09-037
3467,Montgomery Precinct 01-005,Montgomery Precinct 01-006
3468,Montgomery Precinct 01-005,Montgomery Precinct 04-034
3469,Montgomery Precinct 01-005,Montgomery Precinct 08-004
3470,Montgomery Precinct 01-005,Montgomery Precinct 09-004
3471,Montgomery Precinct 01-005,Montgomery Precinct 09-014
3472,Montgomery Precinct 01-005,Montgomery Precinct 09-037
3473,Montgomery Precinct 01-006,Montgomery Precinct 09-022
3474,Montgomery Precinct 01-006,Montgomery Precinct 09-023
3475,Montgomery Precinct 02-001,Montgomery Precinct 02-006
3476,Montgomery Precinct 02-001,Montgomery Precinct 02-008
3477,Montgomery Precinct 02-001,Montgomery Precinct 02-010
3478,Montgomery Precinct 02-001,Montgomery Precinct 09-008
3479,Montgomery Precinct 02-001,Montgomery Precinct 09-018
3480,Montgomery Precinct 02-001,Montgomery Precinct 09-025
3481,Montgomery Precinct 02-002,Montgomery Precinct 02-009
3482,Montgomery Precinct 02-002,Montgomery Precinct 06-007
3483,Montgomery Precinct 02-002,Montgomery Precinct 06-011
3484,Montgomery Precinct 02-002,Montgomery Precinct 09-038
3485,Montgomery Precinct 02-003,Montgomery Precinct 02-004
3486,Montgomery Precinct 02-003,Montgomery Precinct 02-005
3487,Montgomery Precinct 02-003,Montgomery Precinct 02-010
3488,Montgomery Precinct 02-004,Montgomery Precinct 02-005
3489,Montgomery Precinct 02-004,Montgomery Precinct 02-008
3490,Montgomery Precinct 02-004,Montgomery Precinct 02-009
3491,Montgomery Precinct 02-004,Montgomery Precinct 02-010
3492,Montgomery Precinct 02-004,Montgomery Precinct 09-008
3493,Montgomery Precinct 02-004,Montgomery Precinct 09-038
3494,Montgomery Precinct 02-005,Montgomery Precinct 02-008
3495,Montgomery Precinct 02-005,Montgomery Precinct 02-010
3496,Montgomery Precinct 02-006,Montgomery Precinct 02-008
3497,Montgomery Precinct 02-006,Montgomery Precinct 02-011
3498,Montgomery Precinct 02-006,Montgomery Precinct 09-012
3499,Montgomery Precinct 02-006,Montgomery Precinct 09-025
3500,Montgomery Precinct 02-006,Montgomery Precinct 09-030
3501,Montgomery Precinct 02-006,Montgomery Precinct 12-002
3502,Montgomery Precinct 02-006,Montgomery Precinct 12-004
3503,Montgomery Precinct 02-007,Montgomery Precinct 02-008
3504,Montgomery Precinct 02-007,Montgomery Precinct 12-002
3505,Montgomery Precinct 02-008,Montgomery Precinct 02-009
3506,Montgomery Precinct 02-008,Montgomery Precinct 02-010
3507,Montgomery Precinct 02-008,Montgomery Precinct 02-011
3508,Montgomery Precinct 02-008,Montgomery Precinct 11-000
3509,Montgomery Precinct 02-008,Montgomery Precinct 12-002
3510,Montgomery Precinct 02-009,Montgomery Precinct 06-011
3511,Montgomery Precinct 02-009,Montgomery Precinct 09-038
3512,Montgomery Precinct 02-009,Montgomery Precinct 11-000
3513,Montgomery Precinct 02-010,Montgomery Precinct 09-008
3514,Montgomery Precinct 02-010,Montgomery Precinct 09-018
3515,Montgomery Precinct 03-001,Montgomery Precinct 03-002
3516,Montgomery Precinct 03-001,Montgomery Precinct 06-001
3517,Montgomery Precinct 03-001,Montgomery Precinct 11-000
3518,Montgomery Precinct 03-002,Montgomery Precinct 06-001
3519,Montgomery Precinct 03-002,Montgomery Precinct 06-009
3520,Montgomery Precinct 04-001,Montgomery Precinct 04-002
3521,Montgomery Precinct 04-001,Montgomery Precinct 04-003
3522,Montgomery Precinct 04-001,Montgomery Precinct 04-005
3523,Montgomery Precinct 04-001,Montgomery Precinct 04-006
3524,Montgomery Precinct 04-001,Montgomery Precinct 04-009
3525,Montgomery Precinct 04-001,Montgomery Precinct 04-014
3526,Montgomery Precinct 04-001,Montgomery Precinct 04-019
3527,Montgomery Precinct 04-001,Montgomery Precinct 04-034
3528,Montgomery Precinct 04-001,Montgomery Precinct 08-003
3529,Montgomery Precinct 04-001,Montgomery Precinct 13-051
3530,Montgomery Precinct 04-002,Montgomery Precinct 04-003
3531,Montgomery Precinct 04-002,Montgomery Precinct 04-005
3532,Montgomery Precinct 04-002,Montgomery Precinct 04-016
3533,Montgomery Precinct 04-002,Montgomery Precinct 04-021
3534,Montgomery Precinct 04-002,Montgomery Precinct 04-025
3535,Montgomery Precinct 04-003,Montgomery Precinct 04-014
3536,Montgomery Precinct 04-003,Montgomery Precinct 04-016
3537,Montgomery Precinct 04-003,Montgomery Precinct 04-021
3538,Montgomery Precinct 04-004,Montgomery Precinct 04-008
3539,Montgomery Precinct 04-004,Montgomery Precinct 04-010
3540,Montgomery Precinct 04-004,Montgomery Precinct 04-031
3541,Montgomery Precinct 04-004,Montgomery Precinct 07-009
3542,Montgomery Precinct 04-004,Montgomery Precinct 07-025
3543,Montgomery Precinct 04-004,Montgomery Precinct 13-038
3544,Montgomery Precinct 04-005,Montgomery Precinct 04-006
3545,Montgomery Precinct 04-005,Montgomery Precinct 04-007
3546,Montgomery Precinct 04-005,Montgomery Precinct 04-013
3547,Montgomery Precinct 04-005,Montgomery Precinct 04-025
3548,Montgomery Precinct 04-005,Montgomery Precinct 04-030
3549,Montgomery Precinct 04-005,Montgomery Precinct 04-032
3550,Montgomery Precinct 04-006,Montgomery Precinct 04-007
3551,Montgomery Precinct 04-006,Montgomery Precinct 04-009
3552,Montgomery Precinct 04-007,Montgomery Precinct 04-008
3553,Montgomery Precinct 04-007,Montgomery Precinct 04-009
3554,Montgomery Precinct 04-007,Montgomery Precinct 04-015
3555,Montgomery Precinct 04-007,Montgomery Precinct 04-027
3556,Montgomery Precinct 04-007,Montgomery Precinct 04-030
3557,Montgomery Precinct 04-008,Montgomery Precinct 04-010
3558,Montgomery Precinct 04-008,Montgomery Precinct 04-015
3559,Montgomery Precinct 04-008,Montgomery Precinct 04-017
3560,Montgomery Precinct 04-008,Montgomery Precinct 04-028
3561,Montgomery Precinct 04-008,Montgomery Precinct 04-030
3562,Montgomery Precinct 04-008,Montgomery Precinct 13-038
3563,Montgomery Precinct 04-008,Montgomery Precinct 13-040
3564,Montgomery Precinct 04-009,Montgomery Precinct 04-027
3565,Montgomery Precinct 04-009,Montgomery Precinct 13-025
3566,Montgomery Precinct 04-009,Montgomery Precinct 13-051
3567,Montgomery Precinct 04-010,Montgomery Precinct 04-017
3568,Montgomery Precinct 04-010,Montgomery Precinct 04-018
3569,Montgomery Precinct 04-010,Montgomery Precinct 04-031
3570,Montgomery Precinct 04-012,Montgomery Precinct 04-023
3571,Montgomery Precinct 04-012,Montgomery Precinct 04-025
3572,Montgomery Precinct 04-012,Montgomery Precinct 04-032
3573,Montgomery Precinct 04-012,Montgomery Precinct 10-005
3574,Montgomery Precinct 04-012,Montgomery Precinct 10-006
3575,Montgomery Precinct 04-012,Montgomery Precinct 10-012
3576,Montgomery Precinct 04-013,Montgomery Precinct 04-018
3577,Montgomery Precinct 04-013,Montgomery Precinct 04-025
3578,Montgomery Precinct 04-013,Montgomery Precinct 04-030
3579,Montgomery Precinct 04-013,Montgomery Precinct 04-032
3580,Montgomery Precinct 04-014,Montgomery Precinct 04-016
3581,Montgomery Precinct 04-014,Montgomery Precinct 04-019
3582,Montgomery Precinct 04-014,Montgomery Precinct 04-022
3583,Montgomery Precinct 04-014,Montgomery Precinct 09-010
3584,Montgomery Precinct 04-014,Montgomery Precinct 09-031
3585,Montgomery Precinct 04-015,Montgomery Precinct 04-027
3586,Montgomery Precinct 04-015,Montgomery Precinct 13-025
3587,Montgomery Precinct 04-015,Montgomery Precinct 13-040
3588,Montgomery Precinct 04-016,Montgomery Precinct 04-021
3589,Montgomery Precinct 04-016,Montgomery Precinct 04-024
3590,Montgomery Precinct 04-016,Montgomery Precinct 04-026
3591,Montgomery Precinct 04-016,Montgomery Precinct 09-002
3592,Montgomery Precinct 04-016,Montgomery Precinct 09-006
3593,Montgomery Precinct 04-016,Montgomery Precinct 09-031
3594,Montgomery Precinct 04-016,Montgomery Precinct 09-033
3595,Montgomery Precinct 04-017,Montgomery Precinct 04-018
3596,Montgomery Precinct 04-017,Montgomery Precinct 04-028
3597,Montgomery Precinct 04-018,Montgomery Precinct 04-028
3598,Montgomery Precinct 04-018,Montgomery Precinct 04-030
3599,Montgomery Precinct 04-018,Montgomery Precinct 04-031
3600,Montgomery Precinct 04-018,Montgomery Precinct 04-032
3601,Montgomery Precinct 04-018,Montgomery Precinct 07-020
3602,Montgomery Precinct 04-018,Montgomery Precinct 07-025
3603,Montgomery Precinct 04-018,Montgomery Precinct 10-003
3604,Montgomery Precinct 04-018,Montgomery Precinct 10-011
3605,Montgomery Precinct 04-019,Montgomery Precinct 04-022
3606,Montgomery Precinct 04-019,Montgomery Precinct 04-034
3607,Montgomery Precinct 04-019,Montgomery Precinct 09-010
3608,Montgomery Precinct 04-019,Montgomery Precinct 09-014
3609,Montgomery Precinct 04-019,Montgomery Precinct 09-031
3610,Montgomery Precinct 04-020,Montgomery Precinct 04-021
3611,Montgomery Precinct 04-020,Montgomery Precinct 04-023
3612,Montgomery Precinct 04-020,Montgomery Precinct 04-024
3613,Montgomery Precinct 04-020,Montgomery Precinct 04-026
3614,Montgomery Precinct 04-020,Montgomery Precinct 06-012
3615,Montgomery Precinct 04-020,Montgomery Precinct 10-001
3616,Montgomery Precinct 04-020,Montgomery Precinct 10-006
3617,Montgomery Precinct 04-021,Montgomery Precinct 04-023
3618,Montgomery Precinct 04-021,Montgomery Precinct 04-025
3619,Montgomery Precinct 04-021,Montgomery Precinct 04-026
3620,Montgomery Precinct 04-023,Montgomery Precinct 04-025
3621,Montgomery Precinct 04-023,Montgomery Precinct 04-026
3622,Montgomery Precinct 04-023,Montgomery Precinct 04-032
3623,Montgomery Precinct 04-023,Montgomery Precinct 10-006
3624,Montgomery Precinct 04-024,Montgomery Precinct 04-026
3625,Montgomery Precinct 04-024,Montgomery Precinct 06-008
3626,Montgomery Precinct 04-024,Montgomery Precinct 06-012
3627,Montgomery Precinct 04-024,Montgomery Precinct 09-033
3628,Montgomery Precinct 04-025,Montgomery Precinct 04-032
3629,Montgomery Precinct 04-027,Montgomery Precinct 13-025
3630,Montgomery Precinct 04-027,Montgomery Precinct 13-051
3631,Montgomery Precinct 04-028,Montgomery Precinct 04-030
3632,Montgomery Precinct 04-031,Montgomery Precinct 07-009
3633,Montgomery Precinct 04-031,Montgomery Precinct 07-025
3634,Montgomery Precinct 04-032,Montgomery Precinct 10-011
3635,Montgomery Precinct 04-032,Montgomery Precinct 10-012
3636,Montgomery Precinct 04-034,Montgomery Precinct 08-003
3637,Montgomery Precinct 04-034,Montgomery Precinct 08-004
3638,Montgomery Precinct 04-034,Montgomery Precinct 08-008
3639,Montgomery Precinct 04-034,Montgomery Precinct 09-014
3640,Montgomery Precinct 05-001,Montgomery Precinct 05-009
3641,Montgomery Precinct 05-001,Montgomery Precinct 05-011
3642,Montgomery Precinct 05-001,Montgomery Precinct 05-015
3643,Montgomery Precinct 05-001,Montgomery Precinct 05-016
3644,Montgomery Precinct 05-001,Montgomery Precinct 05-017
3645,Montgomery Precinct 05-001,Montgomery Precinct 05-019
3646,Montgomery Precinct 05-002,Montgomery Precinct 05-021
3647,Montgomery Precinct 05-002,Montgomery Precinct 05-023
3648,Montgomery Precinct 05-002,Montgomery Precinct 05-024
3649,Montgomery Precinct 05-002,Prince George's Precinct 01-001
3650,Montgomery Precinct 05-002,Prince George's Precinct 10-005
3651,Montgomery Precinct 05-003,Montgomery Precinct 05-007
3652,Montgomery Precinct 05-003,Montgomery Precinct 05-010
3653,Montgomery Precinct 05-003,Montgomery Precinct 05-014
3654,Montgomery Precinct 05-003,Montgomery Precinct 13-015
3655,Montgomery Precinct 05-003,Montgomery Precinct 13-023
3656,Montgomery Precinct 05-004,Montgomery Precinct 05-012
3657,Montgomery Precinct 05-004,Montgomery Precinct 05-013
3658,Montgomery Precinct 05-004,Prince George's Precinct 01-003
3659,Montgomery Precinct 05-004,Prince George's Precinct 01-007
3660,Montgomery Precinct 05-005,Montgomery Precinct 05-006
3661,Montgomery Precinct 05-005,Montgomery Precinct 05-010
3662,Montgomery Precinct 05-005,Montgomery Precinct 05-013
3663,Montgomery Precinct 05-005,Montgomery Precinct 05-022
3664,Montgomery Precinct 05-005,Montgomery Precinct 13-011
3665,Montgomery Precinct 05-005,Montgomery Precinct 13-020
3666,Montgomery Precinct 05-005,Montgomery Precinct 13-023
3667,Montgomery Precinct 05-005,Montgomery Precinct 13-033
3668,Montgomery Precinct 05-006,Montgomery Precinct 05-008
3669,Montgomery Precinct 05-006,Montgomery Precinct 05-010
3670,Montgomery Precinct 05-006,Montgomery Precinct 05-011
3671,Montgomery Precinct 05-006,Montgomery Precinct 05-012
3672,Montgomery Precinct 05-006,Montgomery Precinct 05-013
3673,Montgomery Precinct 05-006,Montgomery Precinct 05-017
3674,Montgomery Precinct 05-006,Montgomery Precinct 05-022
3675,Montgomery Precinct 05-007,Montgomery Precinct 05-010
3676,Montgomery Precinct 05-007,Montgomery Precinct 05-013
3677,Montgomery Precinct 05-007,Montgomery Precinct 05-014
3678,Montgomery Precinct 05-007,Prince George's Precinct 01-003
3679,Montgomery Precinct 05-007,Prince George's Precinct 21-005
3680,Montgomery Precinct 05-007,Prince George's Precinct 21-014
3681,Montgomery Precinct 05-008,Montgomery Precinct 05-011
3682,Montgomery Precinct 05-008,Montgomery Precinct 05-017
3683,Montgomery Precinct 05-009,Montgomery Precinct 05-011
3684,Montgomery Precinct 05-009,Montgomery Precinct 05-016
3685,Montgomery Precinct 05-009,Montgomery Precinct 05-022
3686,Montgomery Precinct 05-009,Montgomery Precinct 13-002
3687,Montgomery Precinct 05-009,Montgomery Precinct 13-020
3688,Montgomery Precinct 05-009,Montgomery Precinct 13-041
3689,Montgomery Precinct 05-009,Montgomery Precinct 13-056
3690,Montgomery Precinct 05-010,Montgomery Precinct 05-013
3691,Montgomery Precinct 05-010,Montgomery Precinct 13-011
3692,Montgomery Precinct 05-010,Montgomery Precinct 13-023
3693,Montgomery Precinct 05-011,Montgomery Precinct 05-016
3694,Montgomery Precinct 05-011,Montgomery Precinct 05-017
3695,Montgomery Precinct 05-011,Montgomery Precinct 05-022
3696,Montgomery Precinct 05-012,Montgomery Precinct 05-013
3697,Montgomery Precinct 05-012,Montgomery Precinct 05-017
3698,Montgomery Precinct 05-012,Montgomery Precinct 05-024
3699,Montgomery Precinct 05-012,Prince George's Precinct 01-001
3700,Montgomery Precinct 05-012,Prince George's Precinct 01-007
3701,Montgomery Precinct 05-013,Montgomery Precinct 05-017
3702,Montgomery Precinct 05-013,Prince George's Precinct 01-003
3703,Montgomery Precinct 05-013,Prince George's Precinct 01-007
3704,Montgomery Precinct 05-014,Montgomery Precinct 13-015
3705,Montgomery Precinct 05-014,Montgomery Precinct 13-023
3706,Montgomery Precinct 05-014,Prince George's Precinct 17-003
3707,Montgomery Precinct 05-014,Prince George's Precinct 17-012
3708,Montgomery Precinct 05-014,Prince George's Precinct 21-005
3709,Montgomery Precinct 05-014,Prince George's Precinct 21-014
3710,Montgomery Precinct 05-015,Montgomery Precinct 05-016
3711,Montgomery Precinct 05-015,Montgomery Precinct 05-018
3712,Montgomery Precinct 05-015,Montgomery Precinct 05-019
3713,Montgomery Precinct 05-015,Montgomery Precinct 08-006
3714,Montgomery Precinct 05-016,Montgomery Precinct 08-006
3715,Montgomery Precinct 05-016,Montgomery Precinct 13-056
3716,Montgomery Precinct 05-016,Montgomery Precinct 13-061
3717,Montgomery Precinct 05-017,Montgomery Precinct 05-019
3718,Montgomery Precinct 05-017,Montgomery Precinct 05-021
3719,Montgomery Precinct 05-017,Montgomery Precinct 05-024
3720,Montgomery Precinct 05-018,Montgomery Precinct 05-019
3721,Montgomery Precinct 05-018,Montgomery Precinct 05-020
3722,Montgomery Precinct 05-018,Montgomery Precinct 05-023
3723,Montgomery Precinct 05-018,Montgomery Precinct 08-006
3724,Montgomery Precinct 05-018,Prince George's Precinct 10-005
3725,Montgomery Precinct 05-019,Montgomery Precinct 05-020
3726,Montgomery Precinct 05-019,Montgomery Precinct 05-021
3727,Montgomery Precinct 05-019,Montgomery Precinct 05-023
3728,Montgomery Precinct 05-019,Montgomery Precinct 05-024
3729,Montgomery Precinct 05-020,Montgomery Precinct 05-023
3730,Montgomery Precinct 05-020,Prince George's Precinct 10-005
3731,Montgomery Precinct 05-021,Montgomery Precinct 05-023
3732,Montgomery Precinct 05-021,Montgomery Precinct 05-024
3733,Montgomery Precinct 05-022,Montgomery Precinct 13-002
3734,Montgomery Precinct 05-022,Montgomery Precinct 13-020
3735,Montgomery Precinct 05-023,Prince George's Precinct 01-001
3736,Montgomery Precinct 05-023,Prince George's Precinct 10-005
3737,Montgomery Precinct 05-024,Prince George's Precinct 01-001
3738,Montgomery Precinct 06-001,Montgomery Precinct 06-003
3739,Montgomery Precinct 06-001,Montgomery Precinct 06-005
3740,Montgomery Precinct 06-001,Montgomery Precinct 06-007
3741,Montgomery Precinct 06-001,Montgomery Precinct 06-009
3742,Montgomery Precinct 06-001,Montgomery Precinct 06-011
3743,Montgomery Precinct 06-001,Montgomery Precinct 06-014
3744,Montgomery Precinct 06-001,Montgomery Precinct 11-000
3745,Montgomery Precinct 06-002,Montgomery Precinct 06-009
3746,Montgomery Precinct 06-002,Montgomery Precinct 06-012
3747,Montgomery Precinct 06-002,Montgomery Precinct 10-001
3748,Montgomery Precinct 06-002,Montgomery Precinct 10-002
3749,Montgomery Precinct 06-003,Montgomery Precinct 06-007
3750,Montgomery Precinct 06-003,Montgomery Precinct 06-010
3751,Montgomery Precinct 06-003,Montgomery Precinct 06-013
3752,Montgomery Precinct 06-003,Montgomery Precinct 06-014
3753,Montgomery Precinct 06-003,Montgomery Precinct 09-003
3754,Montgomery Precinct 06-003,Montgomery Precinct 09-013
3755,Montgomery Precinct 06-003,Montgomery Precinct 09-024
3756,Montgomery Precinct 06-003,Montgomery Precinct 09-026
3757,Montgomery Precinct 06-003,Montgomery Precinct 09-027
3758,Montgomery Precinct 06-004,Montgomery Precinct 06-006
3759,Montgomery Precinct 06-004,Montgomery Precinct 06-008
3760,Montgomery Precinct 06-004,Montgomery Precinct 06-013
3761,Montgomery Precinct 06-004,Montgomery Precinct 09-035
3762,Montgomery Precinct 06-005,Montgomery Precinct 06-006
3763,Montgomery Precinct 06-005,Montgomery Precinct 06-009
3764,Montgomery Precinct 06-005,Montgomery Precinct 06-012
3765,Montgomery Precinct 06-005,Montgomery Precinct 06-014
3766,Montgomery Precinct 06-006,Montgomery Precinct 06-008
3767,Montgomery Precinct 06-006,Montgomery Precinct 06-009
3768,Montgomery Precinct 06-006,Montgomery Precinct 06-012
3769,Montgomery Precinct 06-006,Montgomery Precinct 06-013
3770,Montgomery Precinct 06-006,Montgomery Precinct 06-014
3771,Montgomery Precinct 06-007,Montgomery Precinct 06-010
3772,Montgomery Precinct 06-007,Montgomery Precinct 06-011
3773,Montgomery Precinct 06-007,Montgomery Precinct 09-026
3774,Montgomery Precinct 06-007,Montgomery Precinct 09-038
3775,Montgomery Precinct 06-008,Montgomery Precinct 06-012
3776,Montgomery Precinct 06-008,Montgomery Precinct 09-033
3777,Montgomery Precinct 06-008,Montgomery Precinct 09-035
3778,Montgomery Precinct 06-009,Montgomery Precinct 06-012
3779,Montgomery Precinct 06-010,Montgomery Precinct 09-024
3780,Montgomery Precinct 06-010,Montgomery Precinct 09-026
3781,Montgomery Precinct 06-010,Montgomery Precinct 09-038
3782,Montgomery Precinct 06-011,Montgomery Precinct 11-000
3783,Montgomery Precinct 06-012,Montgomery Precinct 10-001
3784,Montgomery Precinct 06-013,Montgomery Precinct 06-014
3785,Montgomery Precinct 06-013,Montgomery Precinct 09-027
3786,Montgomery Precinct 06-013,Montgomery Precinct 09-035
3787,Montgomery Precinct 06-014,Montgomery Precinct 09-027
3788,Montgomery Precinct 07-001,Montgomery Precinct 07-004
3789,Montgomery Precinct 07-001,Montgomery Precinct 07-006
3790,Montgomery Precinct 07-001,Montgomery Precinct 07-008
3791,Montgomery Precinct 07-001,Montgomery Precinct 07-009
3792,Montgomery Precinct 07-001,Montgomery Precinct 07-032
3793,Montgomery Precinct 07-002,Montgomery Precinct 07-004
3794,Montgomery Precinct 07-002,Montgomery Precinct 07-005
3795,Montgomery Precinct 07-002,Montgomery Precinct 07-006
3796,Montgomery Precinct 07-002,Montgomery Precinct 07-011
3797,Montgomery Precinct 07-002,Montgomery Precinct 07-021
3798,Montgomery Precinct 07-002,Montgomery Precinct 07-026
3799,Montgomery Precinct 07-003,Montgomery Precinct 07-015
3800,Montgomery Precinct 07-003,Montgomery Precinct 07-022
3801,Montgomery Precinct 07-003,Montgomery Precinct 07-023
3802,Montgomery Precinct 07-003,Montgomery Precinct 10-003
3803,Montgomery Precinct 07-003,Montgomery Precinct 10-007
3804,Montgomery Precinct 07-004,Montgomery Precinct 07-006
3805,Montgomery Precinct 07-004,Montgomery Precinct 07-008
3806,Montgomery Precinct 07-004,Montgomery Precinct 07-011
3807,Montgomery Precinct 07-004,Montgomery Precinct 07-012
3808,Montgomery Precinct 07-004,Montgomery Precinct 07-015
3809,Montgomery Precinct 07-004,Montgomery Precinct 07-023
3810,Montgomery Precinct 07-004,Montgomery Precinct 07-030
3811,Montgomery Precinct 07-005,Montgomery Precinct 07-021
3812,Montgomery Precinct 07-005,Montgomery Precinct 07-032
3813,Montgomery Precinct 07-005,Montgomery Precinct 13-039
3814,Montgomery Precinct 07-006,Montgomery Precinct 07-011
3815,Montgomery Precinct 07-006,Montgomery Precinct 07-021
3816,Montgomery Precinct 07-006,Montgomery Precinct 07-032
3817,Montgomery Precinct 07-007,Montgomery Precinct 07-011
3818,Montgomery Precinct 07-007,Montgomery Precinct 07-013
3819,Montgomery Precinct 07-007,Montgomery Precinct 07-024
3820,Montgomery Precinct 07-007,Montgomery Precinct 07-026
3821,Montgomery Precinct 07-007,Montgomery Precinct 07-027
3822,Montgomery Precinct 07-007,Montgomery Precinct 07-030
3823,Montgomery Precinct 07-008,Montgomery Precinct 07-009
3824,Montgomery Precinct 07-008,Montgomery Precinct 07-010
3825,Montgomery Precinct 07-008,Montgomery Precinct 07-012
3826,Montgomery Precinct 07-008,Montgomery Precinct 07-019
3827,Montgomery Precinct 07-009,Montgomery Precinct 07-010
3828,Montgomery Precinct 07-009,Montgomery Precinct 07-016
3829,Montgomery Precinct 07-009,Montgomery Precinct 07-025
3830,Montgomery Precinct 07-009,Montgomery Precinct 07-032
3831,Montgomery Precinct 07-009,Montgomery Precinct 13-026
3832,Montgomery Precinct 07-009,Montgomery Precinct 13-038
3833,Montgomery Precinct 07-010,Montgomery Precinct 07-017
3834,Montgomery Precinct 07-010,Montgomery Precinct 07-019
3835,Montgomery Precinct 07-010,Montgomery Precinct 07-020
3836,Montgomery Precinct 07-010,Montgomery Precinct 07-025
3837,Montgomery Precinct 07-010,Montgomery Precinct 07-031
3838,Montgomery Precinct 07-011,Montgomery Precinct 07-026
3839,Montgomery Precinct 07-011,Montgomery Precinct 07-030
3840,Montgomery Precinct 07-012,Montgomery Precinct 07-015
3841,Montgomery Precinct 07-012,Montgomery Precinct 07-019
3842,Montgomery Precinct 07-012,Montgomery Precinct 07-023
3843,Montgomery Precinct 07-012,Montgomery Precinct 07-028
3844,Montgomery Precinct 07-013,Montgomery Precinct 07-018
3845,Montgomery Precinct 07-013,Montgomery Precinct 07-022
3846,Montgomery Precinct 07-013,Montgomery Precinct 07-023
3847,Montgomery Precinct 07-013,Montgomery Precinct 07-024
3848,Montgomery Precinct 07-013,Montgomery Precinct 07-027
3849,Montgomery Precinct 07-013,Montgomery Precinct 07-030
3850,Montgomery Precinct 07-015,Montgomery Precinct 07-022
3851,Montgomery Precinct 07-015,Montgomery Precinct 07-023
3852,Montgomery Precinct 07-015,Montgomery Precinct 07-028
3853,Montgomery Precinct 07-015,Montgomery Precinct 10-003
3854,Montgomery Precinct 07-015,Montgomery Precinct 10-007
3855,Montgomery Precinct 07-016,Montgomery Precinct 07-032
3856,Montgomery Precinct 07-016,Montgomery Precinct 13-003
3857,Montgomery Precinct 07-016,Montgomery Precinct 13-026
3858,Montgomery Precinct 07-016,Montgomery Precinct 13-039
3859,Montgomery Precinct 07-017,Montgomery Precinct 07-019
3860,Montgomery Precinct 07-017,Montgomery Precinct 07-020
3861,Montgomery Precinct 07-017,Montgomery Precinct 07-025
3862,Montgomery Precinct 07-017,Montgomery Precinct 07-028
3863,Montgomery Precinct 07-018,Montgomery Precinct 07-022
3864,Montgomery Precinct 07-018,Montgomery Precinct 07-024
3865,Montgomery Precinct 07-018,Montgomery Precinct 07-027
3866,Montgomery Precinct 07-019,Montgomery Precinct 07-028
3867,Montgomery Precinct 07-020,Montgomery Precinct 07-025
3868,Montgomery Precinct 07-020,Montgomery Precinct 07-028
3869,Montgomery Precinct 07-020,Montgomery Precinct 10-003
3870,Montgomery Precinct 07-020,Montgomery Precinct 10-011
3871,Montgomery Precinct 07-021,Montgomery Precinct 07-032
3872,Montgomery Precinct 07-022,Montgomery Precinct 07-023
3873,Montgomery Precinct 07-022,Montgomery Precinct 07-030
3874,Montgomery Precinct 07-023,Montgomery Precinct 07-030
3875,Montgomery Precinct 07-024,Montgomery Precinct 07-027
3876,Montgomery Precinct 07-028,Montgomery Precinct 10-003
3877,Montgomery Precinct 07-032,Montgomery Precinct 13-039
3878,Montgomery Precinct 08-001,Montgomery Precinct 08-002
3879,Montgomery Precinct 08-001,Montgomery Precinct 08-008
3880,Montgomery Precinct 08-001,Montgomery Precinct 08-009
3881,Montgomery Precinct 08-001,Montgomery Precinct 08-010
3882,Montgomery Precinct 08-001,Montgomery Precinct 08-011
3883,Montgomery Precinct 08-001,Montgomery Precinct 08-012
3884,Montgomery Precinct 08-002,Montgomery Precinct 08-005
3885,Montgomery Precinct 08-002,Montgomery Precinct 08-007
3886,Montgomery Precinct 08-002,Montgomery Precinct 08-010
3887,Montgomery Precinct 08-002,Montgomery Precinct 08-011
3888,Montgomery Precinct 08-002,Montgomery Precinct 08-012
3889,Montgomery Precinct 08-002,Montgomery Precinct 08-013
3890,Montgomery Precinct 08-003,Montgomery Precinct 08-008
3891,Montgomery Precinct 08-003,Montgomery Precinct 13-046
3892,Montgomery Precinct 08-003,Montgomery Precinct 13-051
3893,Montgomery Precinct 08-003,Montgomery Precinct 13-052
3894,Montgomery Precinct 08-004,Montgomery Precinct 08-005
3895,Montgomery Precinct 08-004,Montgomery Precinct 08-008
3896,Montgomery Precinct 08-004,Montgomery Precinct 08-012
3897,Montgomery Precinct 08-004,Montgomery Precinct 09-014
3898,Montgomery Precinct 08-005,Montgomery Precinct 08-007
3899,Montgomery Precinct 08-005,Montgomery Precinct 08-012
3900,Montgomery Precinct 08-006,Montgomery Precinct 08-007
3901,Montgomery Precinct 08-006,Montgomery Precinct 08-008
3902,Montgomery Precinct 08-006,Montgomery Precinct 08-009
3903,Montgomery Precinct 08-006,Montgomery Precinct 08-010
3904,Montgomery Precinct 08-006,Montgomery Precinct 08-013
3905,Montgomery Precinct 08-006,Montgomery Precinct 13-046
3906,Montgomery Precinct 08-006,Montgomery Precinct 13-049
3907,Montgomery Precinct 08-006,Montgomery Precinct 13-061
3908,Montgomery Precinct 08-006,Montgomery Precinct 13-069
3909,Montgomery Precinct 08-007,Montgomery Precinct 08-013
3910,Montgomery Precinct 08-008,Montgomery Precinct 08-009
3911,Montgomery Precinct 08-008,Montgomery Precinct 08-012
3912,Montgomery Precinct 08-008,Montgomery Precinct 13-046
3913,Montgomery Precinct 08-008,Montgomery Precinct 13-069
3914,Montgomery Precinct 08-009,Montgomery Precinct 08-010
3915,Montgomery Precinct 08-009,Montgomery Precinct 08-012
3916,Montgomery Precinct 08-010,Montgomery Precinct 08-011
3917,Montgomery Precinct 08-010,Montgomery Precinct 08-013
3918,Montgomery Precinct 08-011,Montgomery Precinct 08-013
3919,Montgomery Precinct 09-001,Montgomery Precinct 09-002
3920,Montgomery Precinct 09-001,Montgomery Precinct 09-007
3921,Montgomery Precinct 09-001,Montgomery Precinct 09-010
3922,Montgomery Precinct 09-001,Montgomery Precinct 09-015
3923,Montgomery Precinct 09-001,Montgomery Precinct 09-016
3924,Montgomery Precinct 09-001,Montgomery Precinct 09-024
3925,Montgomery Precinct 09-001,Montgomery Precinct 09-028
3926,Montgomery Precinct 09-001,Montgomery Precinct 09-032
3927,Montgomery Precinct 09-002,Montgomery Precinct 09-006
3928,Montgomery Precinct 09-002,Montgomery Precinct 09-010
3929,Montgomery Precinct 09-002,Montgomery Precinct 09-016
3930,Montgomery Precinct 09-002,Montgomery Precinct 09-031
3931,Montgomery Precinct 09-003,Montgomery Precinct 09-013
3932,Montgomery Precinct 09-003,Montgomery Precinct 09-016
3933,Montgomery Precinct 09-003,Montgomery Precinct 09-024
3934,Montgomery Precinct 09-004,Montgomery Precinct 09-014
3935,Montgomery Precinct 09-004,Montgomery Precinct 09-032
3936,Montgomery Precinct 09-004,Montgomery Precinct 09-036
3937,Montgomery Precinct 09-004,Montgomery Precinct 09-037
3938,Montgomery Precinct 09-005,Montgomery Precinct 09-007
3939,Montgomery Precinct 09-005,Montgomery Precinct 09-009
3940,Montgomery Precinct 09-005,Montgomery Precinct 09-011
3941,Montgomery Precinct 09-005,Montgomery Precinct 09-012
3942,Montgomery Precinct 09-005,Montgomery Precinct 09-015
3943,Montgomery Precinct 09-005,Montgomery Precinct 09-017
3944,Montgomery Precinct 09-005,Montgomery Precinct 09-019
3945,Montgomery Precinct 09-006,Montgomery Precinct 09-013
3946,Montgomery Precinct 09-006,Montgomery Precinct 09-016
3947,Montgomery Precinct 09-006,Montgomery Precinct 09-033
3948,Montgomery Precinct 09-006,Montgomery Precinct 09-035
3949,Montgomery Precinct 09-007,Montgomery Precinct 09-015
3950,Montgomery Precinct 09-007,Montgomery Precinct 09-017
3951,Montgomery Precinct 09-007,Montgomery Precinct 09-020
3952,Montgomery Precinct 09-007,Montgomery Precinct 09-028
3953,Montgomery Precinct 09-008,Montgomery Precinct 09-018
3954,Montgomery Precinct 09-008,Montgomery Precinct 09-026
3955,Montgomery Precinct 09-008,Montgomery Precinct 09-029
3956,Montgomery Precinct 09-008,Montgomery Precinct 09-038
3957,Montgomery Precinct 09-009,Montgomery Precinct 09-017
3958,Montgomery Precinct 09-009,Montgomery Precinct 09-019
3959,Montgomery Precinct 09-009,Montgomery Precinct 09-022
3960,Montgomery Precinct 09-009,Montgomery Precinct 09-023
3961,Montgomery Precinct 09-010,Montgomery Precinct 09-014
3962,Montgomery Precinct 09-010,Montgomery Precinct 09-031
3963,Montgomery Precinct 09-010,Montgomery Precinct 09-032
3964,Montgomery Precinct 09-010,Montgomery Precinct 09-036
3965,Montgomery Precinct 09-011,Montgomery Precinct 09-012
3966,Montgomery Precinct 09-011,Montgomery Precinct 09-015
3967,Montgomery Precinct 09-011,Montgomery Precinct 09-018
3968,Montgomery Precinct 09-011,Montgomery Precinct 09-024
3969,Montgomery Precinct 09-011,Montgomery Precinct 09-030
3970,Montgomery Precinct 09-012,Montgomery Precinct 09-019
3971,Montgomery Precinct 09-012,Montgomery Precinct 09-030
3972,Montgomery Precinct 09-013,Montgomery Precinct 09-016
3973,Montgomery Precinct 09-013,Montgomery Precinct 09-027
3974,Montgomery Precinct 09-013,Montgomery Precinct 09-035
3975,Montgomery Precinct 09-014,Montgomery Precinct 09-036
3976,Montgomery Precinct 09-015,Montgomery Precinct 09-016
3977,Montgomery Precinct 09-015,Montgomery Precinct 09-024
3978,Montgomery Precinct 09-016,Montgomery Precinct 09-024
3979,Montgomery Precinct 09-017,Montgomery Precinct 09-020
3980,Montgomery Precinct 09-017,Montgomery Precinct 09-022
3981,Montgomery Precinct 09-018,Montgomery Precinct 09-024
3982,Montgomery Precinct 09-018,Montgomery Precinct 09-025
3983,Montgomery Precinct 09-018,Montgomery Precinct 09-029
3984,Montgomery Precinct 09-018,Montgomery Precinct 09-030
3985,Montgomery Precinct 09-018,Montgomery Precinct 09-034
3986,Montgomery Precinct 09-019,Montgomery Precinct 09-023
3987,Montgomery Precinct 09-020,Montgomery Precinct 09-021
3988,Montgomery Precinct 09-020,Montgomery Precinct 09-022
3989,Montgomery Precinct 09-020,Montgomery Precinct 09-028
3990,Montgomery Precinct 09-020,Montgomery Precinct 09-032
3991,Montgomery Precinct 09-020,Montgomery Precinct 09-037
3992,Montgomery Precinct 09-021,Montgomery Precinct 09-022
3993,Montgomery Precinct 09-021,Montgomery Precinct 09-037
3994,Montgomery Precinct 09-022,Montgomery Precinct 09-023
3995,Montgomery Precinct 09-024,Montgomery Precinct 09-026
3996,Montgomery Precinct 09-024,Montgomery Precinct 09-029
3997,Montgomery Precinct 09-024,Montgomery Precinct 09-030
3998,Montgomery Precinct 09-025,Montgomery Precinct 09-030
3999,Montgomery Precinct 09-025,Montgomery Precinct 09-034
4000,Montgomery Precinct 09-026,Montgomery Precinct 09-029
4001,Montgomery Precinct 09-026,Montgomery Precinct 09-038
4002,Montgomery Precinct 09-027,Montgomery Precinct 09-035
4003,Montgomery Precinct 09-028,Montgomery Precinct 09-032
4004,Montgomery Precinct 09-030,Montgomery Precinct 09-034
4005,Montgomery Precinct 09-032,Montgomery Precinct 09-036
4006,Montgomery Precinct 09-032,Montgomery Precinct 09-037
4007,Montgomery Precinct 09-033,Montgomery Precinct 09-035
4008,Montgomery Precinct 09-036,Montgomery Precinct 09-037
4009,Montgomery Precinct 10-001,Montgomery Precinct 10-002
4010,Montgomery Precinct 10-001,Montgomery Precinct 10-004
4011,Montgomery Precinct 10-001,Montgomery Precinct 10-006
4012,Montgomery Precinct 10-001,Montgomery Precinct 10-009
4013,Montgomery Precinct 10-001,Montgomery Precinct 10-013
4014,Montgomery Precinct 10-002,Montgomery Precinct 10-007
4015,Montgomery Precinct 10-002,Montgomery Precinct 10-009
4016,Montgomery Precinct 10-002,Montgomery Precinct 10-010
4017,Montgomery Precinct 10-003,Montgomery Precinct 10-007
4018,Montgomery Precinct 10-003,Montgomery Precinct 10-009
4019,Montgomery Precinct 10-003,Montgomery Precinct 10-011
4020,Montgomery Precinct 10-003,Montgomery Precinct 10-012
4021,Montgomery Precinct 10-004,Montgomery Precinct 10-005
4022,Montgomery Precinct 10-004,Montgomery Precinct 10-009
4023,Montgomery Precinct 10-004,Montgomery Precinct 10-012
4024,Montgomery Precinct 10-004,Montgomery Precinct 10-013
4025,Montgomery Precinct 10-005,Montgomery Precinct 10-006
4026,Montgomery Precinct 10-005,Montgomery Precinct 10-012
4027,Montgomery Precinct 10-005,Montgomery Precinct 10-013
4028,Montgomery Precinct 10-006,Montgomery Precinct 10-013
4029,Montgomery Precinct 10-007,Montgomery Precinct 10-009
4030,Montgomery Precinct 10-007,Montgomery Precinct 10-010
4031,Montgomery Precinct 10-009,Montgomery Precinct 10-012
4032,Montgomery Precinct 10-011,Montgomery Precinct 10-012
4033,Montgomery Precinct 12-001,Montgomery Precinct 12-002
4034,Montgomery Precinct 12-001,Montgomery Precinct 12-003
4035,Montgomery Precinct 12-001,Montgomery Precinct 12-005
4036,Montgomery Precinct 12-002,Montgomery Precinct 12-004
4037,Montgomery Precinct 12-002,Montgomery Precinct 12-005
4038,Montgomery Precinct 12-003,Montgomery Precinct 12-004
4039,Montgomery Precinct 12-003,Montgomery Precinct 12-005
4040,Montgomery Precinct 12-004,Montgomery Precinct 12-005
4041,Montgomery Precinct 13-001,Montgomery Precinct 13-002
4042,Montgomery Precinct 13-001,Montgomery Precinct 13-028
4043,Montgomery Precinct 13-001,Montgomery Precinct 13-035
4044,Montgomery Precinct 13-001,Montgomery Precinct 13-041
4045,Montgomery Precinct 13-001,Montgomery Precinct 13-048
4046,Montgomery Precinct 13-001,Montgomery Precinct 13-056
4047,Montgomery Precinct 13-002,Montgomery Precinct 13-020
4048,Montgomery Precinct 13-002,Montgomery Precinct 13-028
4049,Montgomery Precinct 13-002,Montgomery Precinct 13-030
4050,Montgomery Precinct 13-002,Montgomery Precinct 13-041
4051,Montgomery Precinct 13-002,Montgomery Precinct 13-063
4052,Montgomery Precinct 13-003,Montgomery Precinct 13-007
4053,Montgomery Precinct 13-003,Montgomery Precinct 13-016
4054,Montgomery Precinct 13-003,Montgomery Precinct 13-026
4055,Montgomery Precinct 13-003,Montgomery Precinct 13-034
4056,Montgomery Precinct 13-003,Montgomery Precinct 13-039
4057,Montgomery Precinct 13-003,Montgomery Precinct 13-058
4058,Montgomery Precinct 13-004,Montgomery Precinct 13-005
4059,Montgomery Precinct 13-004,Montgomery Precinct 13-006
4060,Montgomery Precinct 13-004,Montgomery Precinct 13-008
4061,Montgomery Precinct 13-004,Montgomery Precinct 13-010
4062,Montgomery Precinct 13-004,Montgomery Precinct 13-021
4063,Montgomery Precinct 13-004,Montgomery Precinct 13-047
4064,Montgomery Precinct 13-005,Montgomery Precinct 13-008
4065,Montgomery Precinct 13-005,Montgomery Precinct 13-010
4066,Montgomery Precinct 13-005,Montgomery Precinct 13-014
4067,Montgomery Precinct 13-005,Montgomery Precinct 13-047
4068,Montgomery Precinct 13-005,Montgomery Precinct 13-050
4069,Montgomery Precinct 13-006,Montgomery Precinct 13-009
4070,Montgomery Precinct 13-006,Montgomery Precinct 13-021
4071,Montgomery Precinct 13-006,Montgomery Precinct 13-067
4072,Montgomery Precinct 13-007,Montgomery Precinct 13-010
4073,Montgomery Precinct 13-007,Montgomery Precinct 13-014
4074,Montgomery Precinct 13-007,Montgomery Precinct 13-016
4075,Montgomery Precinct 13-007,Montgomery Precinct 13-024
4076,Montgomery Precinct 13-007,Montgomery Precinct 13-058
4077,Montgomery Precinct 13-007,Montgomery Precinct 13-065
4078,Montgomery Precinct 13-008,Montgomery Precinct 13-009
4079,Montgomery Precinct 13-008,Montgomery Precinct 13-013
4080,Montgomery Precinct 13-008,Montgomery Precinct 13-021
4081,Montgomery Precinct 13-008,Montgomery Precinct 13-050
4082,Montgomery Precinct 13-009,Montgomery Precinct 13-013
4083,Montgomery Precinct 13-009,Montgomery Precinct 13-018
4084,Montgomery Precinct 13-009,Montgomery Precinct 13-021
4085,Montgomery Precinct 13-009,Montgomery Precinct 13-022
4086,Montgomery Precinct 13-009,Montgomery Precinct 13-050
4087,Montgomery Precinct 13-009,Montgomery Precinct 13-067
4088,Montgomery Precinct 13-009,Montgomery Precinct 13-068
4089,Montgomery Precinct 13-010,Montgomery Precinct 13-014
4090,Montgomery Precinct 13-010,Montgomery Precinct 13-047
4091,Montgomery Precinct 13-010,Montgomery Precinct 13-065
4092,Montgomery Precinct 13-011,Montgomery Precinct 13-019
4093,Montgomery Precinct 13-011,Montgomery Precinct 13-023
4094,Montgomery Precinct 13-011,Montgomery Precinct 13-033
4095,Montgomery Precinct 13-011,Montgomery Precinct 13-042
4096,Montgomery Precinct 13-011,Montgomery Precinct 13-057
4097,Montgomery Precinct 13-012,Montgomery Precinct 13-013
4098,Montgomery Precinct 13-012,Montgomery Precinct 13-015
4099,Montgomery Precinct 13-012,Montgomery Precinct 13-018
4100,Montgomery Precinct 13-012,Montgomery Precinct 13-023
4101,Montgomery Precinct 13-012,Montgomery Precinct 13-066
4102,Montgomery Precinct 13-013,Montgomery Precinct 13-014
4103,Montgomery Precinct 13-013,Montgomery Precinct 13-018
4104,Montgomery Precinct 13-013,Montgomery Precinct 13-022
4105,Montgomery Precinct 13-013,Montgomery Precinct 13-050
4106,Montgomery Precinct 13-013,Montgomery Precinct 13-066
4107,Montgomery Precinct 13-014,Montgomery Precinct 13-019
4108,Montgomery Precinct 13-014,Montgomery Precinct 13-024
4109,Montgomery Precinct 13-014,Montgomery Precinct 13-050
4110,Montgomery Precinct 13-014,Montgomery Precinct 13-058
4111,Montgomery Precinct 13-014,Montgomery Precinct 13-066
4112,Montgomery Precinct 13-015,Montgomery Precinct 13-018
4113,Montgomery Precinct 13-015,Montgomery Precinct 13-022
4114,Montgomery Precinct 13-015,Montgomery Precinct 13-023
4115,Montgomery Precinct 13-015,Prince George's Precinct 17-003
4116,Montgomery Precinct 13-015,Prince George's Precinct 17-012
4117,Montgomery Precinct 13-016,Montgomery Precinct 13-039
4118,Montgomery Precinct 13-016,Montgomery Precinct 13-065
4119,Montgomery Precinct 13-017,Montgomery Precinct 13-024
4120,Montgomery Precinct 13-017,Montgomery Precinct 13-031
4121,Montgomery Precinct 13-017,Montgomery Precinct 13-053
4122,Montgomery Precinct 13-017,Montgomery Precinct 13-058
4123,Montgomery Precinct 13-018,Montgomery Precinct 13-022
4124,Montgomery Precinct 13-019,Montgomery Precinct 13-023
4125,Montgomery Precinct 13-019,Montgomery Precinct 13-024
4126,Montgomery Precinct 13-019,Montgomery Precinct 13-042
4127,Montgomery Precinct 13-019,Montgomery Precinct 13-053
4128,Montgomery Precinct 13-019,Montgomery Precinct 13-066
4129,Montgomery Precinct 13-020,Montgomery Precinct 13-033
4130,Montgomery Precinct 13-020,Montgomery Precinct 13-044
4131,Montgomery Precinct 13-020,Montgomery Precinct 13-063
4132,Montgomery Precinct 13-022,Montgomery Precinct 13-068
4133,Montgomery Precinct 13-022,Prince George's Precinct 17-003
4134,Montgomery Precinct 13-023,Montgomery Precinct 13-066
4135,Montgomery Precinct 13-024,Montgomery Precinct 13-031
4136,Montgomery Precinct 13-024,Montgomery Precinct 13-042
4137,Montgomery Precinct 13-024,Montgomery Precinct 13-053
4138,Montgomery Precinct 13-024,Montgomery Precinct 13-058
4139,Montgomery Precinct 13-024,Montgomery Precinct 13-066
4140,Montgomery Precinct 13-025,Montgomery Precinct 13-027
4141,Montgomery Precinct 13-025,Montgomery Precinct 13-030
4142,Montgomery Precinct 13-025,Montgomery Precinct 13-036
4143,Montgomery Precinct 13-025,Montgomery Precinct 13-040
4144,Montgomery Precinct 13-025,Montgomery Precinct 13-043
4145,Montgomery Precinct 13-025,Montgomery Precinct 13-051
4146,Montgomery Precinct 13-026,Montgomery Precinct 13-034
4147,Montgomery Precinct 13-026,Montgomery Precinct 13-038
4148,Montgomery Precinct 13-027,Montgomery Precinct 13-029
4149,Montgomery Precinct 13-027,Montgomery Precinct 13-030
4150,Montgomery Precinct 13-027,Montgomery Precinct 13-034
4151,Montgomery Precinct 13-027,Montgomery Precinct 13-036
4152,Montgomery Precinct 13-027,Montgomery Precinct 13-040
4153,Montgomery Precinct 13-027,Montgomery Precinct 13-059
4154,Montgomery Precinct 13-028,Montgomery Precinct 13-030
4155,Montgomery Precinct 13-028,Montgomery Precinct 13-035
4156,Montgomery Precinct 13-028,Montgomery Precinct 13-036
4157,Montgomery Precinct 13-028,Montgomery Precinct 13-063
4158,Montgomery Precinct 13-029,Montgomery Precinct 13-030
4159,Montgomery Precinct 13-029,Montgomery Precinct 13-032
4160,Montgomery Precinct 13-029,Montgomery Precinct 13-044
4161,Montgomery Precinct 13-029,Montgomery Precinct 13-059
4162,Montgomery Precinct 13-030,Montgomery Precinct 13-036
4163,Montgomery Precinct 13-030,Montgomery Precinct 13-044
4164,Montgomery Precinct 13-030,Montgomery Precinct 13-063
4165,Montgomery Precinct 13-031,Montgomery Precinct 13-034
4166,Montgomery Precinct 13-031,Montgomery Precinct 13-053
4167,Montgomery Precinct 13-031,Montgomery Precinct 13-058
4168,Montgomery Precinct 13-031,Montgomery Precinct 13-059
4169,Montgomery Precinct 13-032,Montgomery Precinct 13-042
4170,Montgomery Precinct 13-032,Montgomery Precinct 13-044
4171,Montgomery Precinct 13-032,Montgomery Precinct 13-053
4172,Montgomery Precinct 13-032,Montgomery Precinct 13-057
4173,Montgomery Precinct 13-032,Montgomery Precinct 13-059
4174,Montgomery Precinct 13-033,Montgomery Precinct 13-042
4175,Montgomery Precinct 13-033,Montgomery Precinct 13-044
4176,Montgomery Precinct 13-033,Montgomery Precinct 13-057
4177,Montgomery Precinct 13-034,Montgomery Precinct 13-038
4178,Montgomery Precinct 13-034,Montgomery Precinct 13-040
4179,Montgomery Precinct 13-034,Montgomery Precinct 13-058
4180,Montgomery Precinct 13-034,Montgomery Precinct 13-059
4181,Montgomery Precinct 13-035,Montgomery Precinct 13-036
4182,Montgomery Precinct 13-035,Montgomery Precinct 13-037
4183,Montgomery Precinct 13-035,Montgomery Precinct 13-045
4184,Montgomery Precinct 13-035,Montgomery Precinct 13-048
4185,Montgomery Precinct 13-035,Montgomery Precinct 13-055
4186,Montgomery Precinct 13-036,Montgomery Precinct 13-037
4187,Montgomery Precinct 13-036,Montgomery Precinct 13-043
4188,Montgomery Precinct 13-037,Montgomery Precinct 13-043
4189,Montgomery Precinct 13-037,Montgomery Precinct 13-045
4190,Montgomery Precinct 13-038,Montgomery Precinct 13-040
4191,Montgomery Precinct 13-039,Montgomery Precinct 13-065
4192,Montgomery Precinct 13-041,Montgomery Precinct 13-056
4193,Montgomery Precinct 13-042,Montgomery Precinct 13-053
4194,Montgomery Precinct 13-042,Montgomery Precinct 13-057
4195,Montgomery Precinct 13-043,Montgomery Precinct 13-045
4196,Montgomery Precinct 13-043,Montgomery Precinct 13-051
4197,Montgomery Precinct 13-044,Montgomery Precinct 13-057
4198,Montgomery Precinct 13-044,Montgomery Precinct 13-059
4199,Montgomery Precinct 13-044,Montgomery Precinct 13-063
4200,Montgomery Precinct 13-045,Montgomery Precinct 13-046
4201,Montgomery Precinct 13-045,Montgomery Precinct 13-051
4202,Montgomery Precinct 13-045,Montgomery Precinct 13-052
4203,Montgomery Precinct 13-045,Montgomery Precinct 13-055
4204,Montgomery Precinct 13-045,Montgomery Precinct 13-064
4205,Montgomery Precinct 13-046,Montgomery Precinct 13-051
4206,Montgomery Precinct 13-046,Montgomery Precinct 13-052
4207,Montgomery Precinct 13-046,Montgomery Precinct 13-054
4208,Montgomery Precinct 13-046,Montgomery Precinct 13-064
4209,Montgomery Precinct 13-046,Montgomery Precinct 13-069
4210,Montgomery Precinct 13-047,Montgomery Precinct 13-065
4211,Montgomery Precinct 13-048,Montgomery Precinct 13-055
4212,Montgomery Precinct 13-048,Montgomery Precinct 13-056
4213,Montgomery Precinct 13-048,Montgomery Precinct 13-062
4214,Montgomery Precinct 13-049,Montgomery Precinct 13-054
4215,Montgomery Precinct 13-049,Montgomery Precinct 13-061
4216,Montgomery Precinct 13-049,Montgomery Precinct 13-062
4217,Montgomery Precinct 13-049,Montgomery Precinct 13-069
4218,Montgomery Precinct 13-050,Montgomery Precinct 13-066
4219,Montgomery Precinct 13-051,Montgomery Precinct 13-052
4220,Montgomery Precinct 13-053,Montgomery Precinct 13-059
4221,Montgomery Precinct 13-054,Montgomery Precinct 13-062
4222,Montgomery Precinct 13-054,Montgomery Precinct 13-064
4223,Montgomery Precinct 13-054,Montgomery Precinct 13-069
4224,Montgomery Precinct 13-055,Montgomery Precinct 13-062
4225,Montgomery Precinct 13-055,Montgomery Precinct 13-064
4226,Montgomery Precinct 13-056,Montgomery Precinct 13-061
4227,Montgomery Precinct 13-056,Montgomery Precinct 13-062
4228,Montgomery Precinct 13-061,Montgomery Precinct 13-062
4229,Montgomery Precinct 13-062,Montgomery Precinct 13-064
4230,Montgomery Precinct 13-067,Montgomery Precinct 13-068
4231,Montgomery Precinct 13-067,Prince George's Precinct 17-005
4232,Montgomery Precinct 13-067,Prince George's Precinct 17-011
4233,Montgomery Precinct 13-068,Prince George's Precinct 17-003
4234,Montgomery Precinct 13-068,Prince George's Precinct 17-005
4235,Prince George's Precinct 01-001,Prince George's Precinct 01-004
4236,Prince George's Precinct 01-001,Prince George's Precinct 01-005
4237,Prince George's Precinct 01-001,Prince George's Precinct 01-007
4238,Prince George's Precinct 01-001,Prince George's Precinct 10-005
4239,Prince George's Precinct 01-002,Prince George's Precinct 01-004
4240,Prince George's Precinct 01-002,Prince George's Precinct 01-005
4241,Prince George's Precinct 01-002,Prince George's Precinct 01-006
4242,Prince George's Precinct 01-002,Prince George's Precinct 01-008
4243,Prince George's Precinct 01-002,Prince George's Precinct 10-010
4244,Prince George's Precinct 01-002,Prince George's Precinct 10-011
4245,Prince George's Precinct 01-002,Prince George's Precinct 14-008
4246,Prince George's Precinct 01-002,Prince George's Precinct 21-004
4247,Prince George's Precinct 01-002,Prince George's Precinct 21-006
4248,Prince George's Precinct 01-002,Prince George's Precinct 21-008
4249,Prince George's Precinct 01-002,Prince George's Precinct 21-010
4250,Prince George's Precinct 01-002,Prince George's Precinct 21-013
4251,Prince George's Precinct 01-002,Prince George's Precinct 21-014
4252,Prince George's Precinct 01-002,Prince George's Precinct 21-097
4253,Prince George's Precinct 01-002,Prince George's Precinct 21-098
4254,Prince George's Precinct 01-003,Prince George's Precinct 01-005
4255,Prince George's Precinct 01-003,Prince George's Precinct 01-007
4256,Prince George's Precinct 01-003,Prince George's Precinct 21-014
4257,Prince George's Precinct 01-004,Prince George's Precinct 01-005
4258,Prince George's Precinct 01-004,Prince George's Precinct 01-006
4259,Prince George's Precinct 01-004,Prince George's Precinct 10-005
4260,Prince George's Precinct 01-004,Prince George's Precinct 10-006
4261,Prince George's Precinct 01-004,Prince George's Precinct 10-013
4262,Prince George's Precinct 01-005,Prince George's Precinct 01-007
4263,Prince George's Precinct 01-005,Prince George's Precinct 21-014
4264,Prince George's Precinct 01-006,Prince George's Precinct 10-006
4265,Prince George's Precinct 01-006,Prince George's Precinct 10-007
4266,Prince George's Precinct 01-006,Prince George's Precinct 10-011
4267,Prince George's Precinct 01-008,Prince George's Precinct 21-004
4268,Prince George's Precinct 01-008,Prince George's Precinct 21-010
4269,Prince George's Precinct 02-001,Prince George's Precinct 02-002
4270,Prince George's Precinct 02-001,Prince George's Precinct 02-007
4271,Prince George's Precinct 02-001,Prince George's Precinct 02-008
4272,Prince George's Precinct 02-001,Prince George's Precinct 02-009
4273,Prince George's Precinct 02-002,Prince George's Precinct 02-008
4274,Prince George's Precinct 02-002,Prince George's Precinct 16-002
4275,Prince George's Precinct 02-002,Prince George's Precinct 16-005
4276,Prince George's Precinct 02-002,Prince George's Precinct 16-098
4277,Prince George's Precinct 02-002,Prince George's Precinct 17-001
4278,Prince George's Precinct 02-002,Prince George's Precinct 17-002
4279,Prince George's Precinct 02-003,Prince George's Precinct 02-007
4280,Prince George's Precinct 02-003,Prince George's Precinct 02-009
4281,Prince George's Precinct 02-003,Prince George's Precinct 13-002
4282,Prince George's Precinct 02-003,Prince George's Precinct 18-012
4283,Prince George's Precinct 02-003,Prince George's Precinct 20-007
4284,Prince George's Precinct 02-004,Prince George's Precinct 02-009
4285,Prince George's Precinct 02-004,Prince George's Precinct 02-010
4286,Prince George's Precinct 02-004,Prince George's Precinct 20-002
4287,Prince George's Precinct 02-004,Prince George's Precinct 20-007
4288,Prince George's Precinct 02-005,Prince George's Precinct 02-008
4289,Prince George's Precinct 02-005,Prince George's Precinct 02-098
4290,Prince George's Precinct 02-005,Prince George's Precinct 16-001
4291,Prince George's Precinct 02-005,Prince George's Precinct 19-001
4292,Prince George's Precinct 02-005,Prince George's Precinct 19-004
4293,Prince George's Precinct 02-005,Prince George's Precinct 19-005
4294,Prince George's Precinct 02-006,Prince George's Precinct 02-008
4295,Prince George's Precinct 02-006,Prince George's Precinct 02-010
4296,Prince George's Precinct 02-006,Prince George's Precinct 19-002
4297,Prince George's Precinct 02-006,Prince George's Precinct 19-004
4298,Prince George's Precinct 02-006,Prince George's Precinct 20-002
4299,Prince George's Precinct 02-006,Prince George's Precinct 20-006
4300,Prince George's Precinct 02-007,Prince George's Precinct 02-008
4301,Prince George's Precinct 02-007,Prince George's Precinct 02-009
4302,Prince George's Precinct 02-007,Prince George's Precinct 13-002
4303,Prince George's Precinct 02-007,Prince George's Precinct 18-005
4304,Prince George's Precinct 02-007,Prince George's Precinct 18-012
4305,Prince George's Precinct 02-008,Prince George's Precinct 02-009
4306,Prince George's Precinct 02-008,Prince George's Precinct 02-010
4307,Prince George's Precinct 02-008,Prince George's Precinct 02-098
4308,Prince George's Precinct 02-008,Prince George's Precinct 02-099
4309,Prince George's Precinct 02-008,Prince George's Precinct 16-001
4310,Prince George's Precinct 02-008,Prince George's Precinct 16-005
4311,Prince George's Precinct 02-008,Prince George's Precinct 16-098
4312,Prince George's Precinct 02-008,Prince George's Precinct 16-099
4313,Prince George's Precinct 02-008,Prince George's Precinct 19-004
4314,Prince George's Precinct 02-009,Prince George's Precinct 02-010
4315,Prince George's Precinct 02-009,Prince George's Precinct 20-007
4316,Prince George's Precinct 02-010,Prince George's Precinct 19-004
4317,Prince George's Precinct 02-010,Prince George's Precinct 20-002
4318,Prince George's Precinct 02-098,Prince George's Precinct 16-001
4319,Prince George's Precinct 02-099,Prince George's Precinct 16-001
4320,Prince George's Precinct 02-099,Prince George's Precinct 16-099
4321,Prince George's Precinct 03-001,Prince George's Precinct 03-002
4322,Prince George's Precinct 03-001,Prince George's Precinct 03-003
4323,Prince George's Precinct 03-001,Prince George's Precinct 03-005
4324,Prince George's Precinct 03-001,Prince George's Precinct 04-001
4325,Prince George's Precinct 03-001,Prince George's Precinct 15-004
4326,Prince George's Precinct 03-001,Prince George's Precinct 15-005
4327,Prince George's Precinct 03-001,Prince George's Precinct 15-006
4328,Prince George's Precinct 03-002,Prince George's Precinct 03-003
4329,Prince George's Precinct 03-002,Prince George's Precinct 07-006
4330,Prince George's Precinct 03-003,Prince George's Precinct 03-004
4331,Prince George's Precinct 03-003,Prince George's Precinct 03-005
4332,Prince George's Precinct 03-003,Prince George's Precinct 03-006
4333,Prince George's Precinct 03-003,Prince George's Precinct 07-006
4334,Prince George's Precinct 03-003,Prince George's Precinct 07-015
4335,Prince George's Precinct 03-003,Prince George's Precinct 15-005
4336,Prince George's Precinct 03-004,Prince George's Precinct 03-006
4337,Prince George's Precinct 03-004,Prince George's Precinct 07-012
4338,Prince George's Precinct 03-004,Prince George's Precinct 13-006
4339,Prince George's Precinct 03-004,Prince George's Precinct 13-009
4340,Prince George's Precinct 03-004,Prince George's Precinct 15-005
4341,Prince George's Precinct 03-005,Prince George's Precinct 15-005
4342,Prince George's Precinct 03-006,Prince George's Precinct 07-006
4343,Prince George's Precinct 03-006,Prince George's Precinct 07-011
4344,Prince George's Precinct 03-006,Prince George's Precinct 07-012
4345,Prince George's Precinct 03-006,Prince George's Precinct 07-015
4346,Prince George's Precinct 04-001,Prince George's Precinct 08-001
4347,Prince George's Precinct 04-001,Prince George's Precinct 11-002
4348,Prince George's Precinct 04-001,Prince George's Precinct 11-004
4349,Prince George's Precinct 04-001,Prince George's Precinct 15-001
4350,Prince George's Precinct 04-001,Prince George's Precinct 15-004
4351,Prince George's Precinct 05-001,Prince George's Precinct 05-004
4352,Prince George's Precinct 05-001,Prince George's Precinct 05-008
4353,Prince George's Precinct 05-001,Prince George's Precinct 05-009
4354,Prince George's Precinct 05-001,Prince George's Precinct 05-010
4355,Prince George's Precinct 05-001,Prince George's Precinct 05-012
4356,Prince George's Precinct 05-001,Prince George's Precinct 09-007
4357,Prince George's Precinct 05-001,Prince George's Precinct 11-001
4358,Prince George's Precinct 05-001,Prince George's Precinct 11-004
4359,Prince George's Precinct 05-002,Prince George's Precinct 05-006
4360,Prince George's Precinct 05-002,Prince George's Precinct 05-007
4361,Prince George's Precinct 05-002,Prince George's Precinct 05-011
4362,Prince George's Precinct 05-002,Prince George's Precinct 12-005
4363,Prince George's Precinct 05-002,Prince George's Precinct 12-011
4364,Prince George's Precinct 05-002,Prince George's Precinct 12-014
4365,Prince George's Precinct 05-003,Prince George's Precinct 05-004
4366,Prince George's Precinct 05-003,Prince George's Precinct 05-006
4367,Prince George's Precinct 05-003,Prince George's Precinct 05-009
4368,Prince George's Precinct 05-003,Prince George's Precinct 05-011
4369,Prince George's Precinct 05-003,Prince George's Precinct 09-005
4370,Prince George's Precinct 05-003,Prince George's Precinct 09-010
4371,Prince George's Precinct 05-004,Prince George's Precinct 05-009
4372,Prince George's Precinct 05-004,Prince George's Precinct 09-004
4373,Prince George's Precinct 05-004,Prince George's Precinct 09-005
4374,Prince George's Precinct 05-004,Prince George's Precinct 09-007
4375,Prince George's Precinct 05-004,Prince George's Precinct 09-010
4376,Prince George's Precinct 05-004,Prince George's Precinct 11-001
4377,Prince George's Precinct 05-005,Prince George's Precinct 05-007
4378,Prince George's Precinct 05-005,Prince George's Precinct 05-008
4379,Prince George's Precinct 05-005,Prince George's Precinct 05-010
4380,Prince George's Precinct 05-006,Prince George's Precinct 05-011
4381,Prince George's Precinct 05-006,Prince George's Precinct 09-005
4382,Prince George's Precinct 05-006,Prince George's Precinct 12-005
4383,Prince George's Precinct 05-006,Prince George's Precinct 12-008
4384,Prince George's Precinct 05-006,Prince George's Precinct 12-011
4385,Prince George's Precinct 05-007,Prince George's Precinct 05-010
4386,Prince George's Precinct 05-007,Prince George's Precinct 05-011
4387,Prince George's Precinct 05-008,Prince George's Precinct 05-010
4388,Prince George's Precinct 05-008,Prince George's Precinct 05-012
4389,Prince George's Precinct 05-009,Prince George's Precinct 05-010
4390,Prince George's Precinct 05-009,Prince George's Precinct 05-011
4391,Prince George's Precinct 05-010,Prince George's Precinct 05-011
4392,Prince George's Precinct 06-001,Prince George's Precinct 06-005
4393,Prince George's Precinct 06-001,Prince George's Precinct 06-010
4394,Prince George's Precinct 06-001,Prince George's Precinct 06-011
4395,Prince George's Precinct 06-001,Prince George's Precinct 06-016
4396,Prince George's Precinct 06-001,Prince George's Precinct 06-020
4397,Prince George's Precinct 06-001,Prince George's Precinct 06-023
4398,Prince George's Precinct 06-002,Prince George's Precinct 06-013
4399,Prince George's Precinct 06-002,Prince George's Precinct 09-002
4400,Prince George's Precinct 06-002,Prince George's Precinct 09-005
4401,Prince George's Precinct 06-002,Prince George's Precinct 12-015
4402,Prince George's Precinct 06-002,Prince George's Precinct 12-017
4403,Prince George's Precinct 06-003,Prince George's Precinct 06-006
4404,Prince George's Precinct 06-003,Prince George's Precinct 06-015
4405,Prince George's Precinct 06-003,Prince George's Precinct 18-004
4406,Prince George's Precinct 06-003,Prince George's Precinct 18-011
4407,Prince George's Precinct 06-004,Prince George's Precinct 06-007
4408,Prince George's Precinct 06-004,Prince George's Precinct 06-010
4409,Prince George's Precinct 06-004,Prince George's Precinct 06-012
4410,Prince George's Precinct 06-004,Prince George's Precinct 06-021
4411,Prince George's Precinct 06-004,Prince George's Precinct 06-022
4412,Prince George's Precinct 06-004,Prince George's Precinct 06-024
4413,Prince George's Precinct 06-005,Prince George's Precinct 06-011
4414,Prince George's Precinct 06-005,Prince George's Precinct 06-016
4415,Prince George's Precinct 06-005,Prince George's Precinct 06-019
4416,Prince George's Precinct 06-005,Prince George's Precinct 06-020
4417,Prince George's Precinct 06-006,Prince George's Precinct 06-015
4418,Prince George's Precinct 06-006,Prince George's Precinct 06-016
4419,Prince George's Precinct 06-006,Prince George's Precinct 06-019
4420,Prince George's Precinct 06-006,Prince George's Precinct 06-021
4421,Prince George's Precinct 06-006,Prince George's Precinct 06-022
4422,Prince George's Precinct 06-006,Prince George's Precinct 18-004
4423,Prince George's Precinct 06-007,Prince George's Precinct 06-010
4424,Prince George's Precinct 06-007,Prince George's Precinct 06-014
4425,Prince George's Precinct 06-007,Prince George's Precinct 06-018
4426,Prince George's Precinct 06-007,Prince George's Precinct 06-024
4427,Prince George's Precinct 06-008,Prince George's Precinct 06-009
4428,Prince George's Precinct 06-008,Prince George's Precinct 06-017
4429,Prince George's Precinct 06-008,Prince George's Precinct 12-003
4430,Prince George's Precinct 06-008,Prince George's Precinct 12-013
4431,Prince George's Precinct 06-009,Prince George's Precinct 06-014
4432,Prince George's Precinct 06-009,Prince George's Precinct 06-017
4433,Prince George's Precinct 06-009,Prince George's Precinct 06-024
4434,Prince George's Precinct 06-009,Prince George's Precinct 12-003
4435,Prince George's Precinct 06-010,Prince George's Precinct 06-016
4436,Prince George's Precinct 06-010,Prince George's Precinct 06-018
4437,Prince George's Precinct 06-010,Prince George's Precinct 06-022
4438,Prince George's Precinct 06-010,Prince George's Precinct 06-023
4439,Prince George's Precinct 06-010,Prince George's Precinct 09-003
4440,Prince George's Precinct 06-010,Prince George's Precinct 15-002
4441,Prince George's Precinct 06-011,Prince George's Precinct 06-019
4442,Prince George's Precinct 06-011,Prince George's Precinct 06-020
4443,Prince George's Precinct 06-012,Prince George's Precinct 06-015
4444,Prince George's Precinct 06-012,Prince George's Precinct 06-017
4445,Prince George's Precinct 06-012,Prince George's Precinct 06-021
4446,Prince George's Precinct 06-012,Prince George's Precinct 06-022
4447,Prince George's Precinct 06-012,Prince George's Precinct 06-024
4448,Prince George's Precinct 06-013,Prince George's Precinct 06-014
4449,Prince George's Precinct 06-013,Prince George's Precinct 06-018
4450,Prince George's Precinct 06-013,Prince George's Precinct 09-002
4451,Prince George's Precinct 06-013,Prince George's Precinct 09-003
4452,Prince George's Precinct 06-013,Prince George's Precinct 12-015
4453,Prince George's Precinct 06-013,Prince George's Precinct 12-017
4454,Prince George's Precinct 06-014,Prince George's Precinct 06-018
4455,Prince George's Precinct 06-014,Prince George's Precinct 06-024
4456,Prince George's Precinct 06-014,Prince George's Precinct 12-003
4457,Prince George's Precinct 06-014,Prince George's Precinct 12-016
4458,Prince George's Precinct 06-014,Prince George's Precinct 12-017
4459,Prince George's Precinct 06-015,Prince George's Precinct 06-021
4460,Prince George's Precinct 06-016,Prince George's Precinct 06-019
4461,Prince George's Precinct 06-016,Prince George's Precinct 06-022
4462,Prince George's Precinct 06-017,Prince George's Precinct 06-024
4463,Prince George's Precinct 06-017,Prince George's Precinct 12-013
4464,Prince George's Precinct 06-018,Prince George's Precinct 09-002
4465,Prince George's Precinct 06-018,Prince George's Precinct 09-003
4466,Prince George's Precinct 06-019,Prince George's Precinct 06-020
4467,Prince George's Precinct 06-019,Prince George's Precinct 18-004
4468,Prince George's Precinct 06-019,Prince George's Precinct 18-006
4469,Prince George's Precinct 06-019,Prince George's Precinct 18-009
4470,Prince George's Precinct 06-020,Prince George's Precinct 06-023
4471,Prince George's Precinct 06-020,Prince George's Precinct 13-009
4472,Prince George's Precinct 06-020,Prince George's Precinct 15-002
4473,Prince George's Precinct 06-020,Prince George's Precinct 18-006
4474,Prince George's Precinct 06-021,Prince George's Precinct 06-022
4475,Prince George's Precinct 06-023,Prince George's Precinct 15-002
4476,Prince George's Precinct 07-001,Prince George's Precinct 07-005
4477,Prince George's Precinct 07-001,Prince George's Precinct 07-009
4478,Prince George's Precinct 07-001,Prince George's Precinct 07-011
4479,Prince George's Precinct 07-001,Prince George's Precinct 07-013
4480,Prince George's Precinct 07-001,Prince George's Precinct 07-016
4481,Prince George's Precinct 07-001,Prince George's Precinct 13-013
4482,Prince George's Precinct 07-001,Prince George's Precinct 13-015
4483,Prince George's Precinct 07-001,Prince George's Precinct 14-003
4484,Prince George's Precinct 07-001,Prince George's Precinct 14-007
4485,Prince George's Precinct 07-001,Prince George's Precinct 14-010
4486,Prince George's Precinct 07-002,Prince George's Precinct 07-003
4487,Prince George's Precinct 07-002,Prince George's Precinct 07-004
4488,Prince George's Precinct 07-002,Prince George's Precinct 07-005
4489,Prince George's Precinct 07-002,Prince George's Precinct 14-003
4490,Prince George's Precinct 07-002,Prince George's Precinct 14-004
4491,Prince George's Precinct 07-003,Prince George's Precinct 07-004
4492,Prince George's Precinct 07-003,Prince George's Precinct 07-005
4493,Prince George's Precinct 07-003,Prince George's Precinct 07-007
4494,Prince George's Precinct 07-003,Prince George's Precinct 07-016
4495,Prince George's Precinct 07-004,Prince George's Precinct 07-007
4496,Prince George's Precinct 07-004,Prince George's Precinct 14-003
4497,Prince George's Precinct 07-004,Prince George's Precinct 14-004
4498,Prince George's Precinct 07-004,Prince George's Precinct 14-006
4499,Prince George's Precinct 07-005,Prince George's Precinct 07-007
4500,Prince George's Precinct 07-005,Prince George's Precinct 07-009
4501,Prince George's Precinct 07-005,Prince George's Precinct 07-016
4502,Prince George's Precinct 07-005,Prince George's Precinct 14-003
4503,Prince George's Precinct 07-005,Prince George's Precinct 14-010
4504,Prince George's Precinct 07-006,Prince George's Precinct 07-007
4505,Prince George's Precinct 07-006,Prince George's Precinct 07-008
4506,Prince George's Precinct 07-006,Prince George's Precinct 07-009
4507,Prince George's Precinct 07-006,Prince George's Precinct 07-014
4508,Prince George's Precinct 07-006,Prince George's Precinct 07-015
4509,Prince George's Precinct 07-007,Prince George's Precinct 07-010
4510,Prince George's Precinct 07-007,Prince George's Precinct 07-014
4511,Prince George's Precinct 07-007,Prince George's Precinct 07-016
4512,Prince George's Precinct 07-007,Prince George's Precinct 07-017
4513,Prince George's Precinct 07-008,Prince George's Precinct 07-009
4514,Prince George's Precinct 07-008,Prince George's Precinct 07-010
4515,Prince George's Precinct 07-008,Prince George's Precinct 07-014
4516,Prince George's Precinct 07-008,Prince George's Precinct 07-016
4517,Prince George's Precinct 07-008,Prince George's Precinct 07-017
4518,Prince George's Precinct 07-009,Prince George's Precinct 07-011
4519,Prince George's Precinct 07-009,Prince George's Precinct 07-015
4520,Prince George's Precinct 07-009,Prince George's Precinct 07-016
4521,Prince George's Precinct 07-010,Prince George's Precinct 07-014
4522,Prince George's Precinct 07-010,Prince George's Precinct 07-017
4523,Prince George's Precinct 07-011,Prince George's Precinct 07-012
4524,Prince George's Precinct 07-011,Prince George's Precinct 07-013
4525,Prince George's Precinct 07-011,Prince George's Precinct 07-015
4526,Prince George's Precinct 07-011,Prince George's Precinct 13-013
4527,Prince George's Precinct 07-012,Prince George's Precinct 07-013
4528,Prince George's Precinct 07-012,Prince George's Precinct 13-004
4529,Prince George's Precinct 07-012,Prince George's Precinct 13-006
4530,Prince George's Precinct 07-012,Prince George's Precinct 13-011
4531,Prince George's Precinct 07-012,Prince George's Precinct 13-012
4532,Prince George's Precinct 07-012,Prince George's Precinct 13-013
4533,Prince George's Precinct 07-013,Prince George's Precinct 13-013
4534,Prince George's Precinct 07-016,Prince George's Precinct 07-017
4535,Prince George's Precinct 08-001,Prince George's Precinct 11-004
4536,Prince George's Precinct 09-001,Prince George's Precinct 09-002
4537,Prince George's Precinct 09-001,Prince George's Precinct 09-005
4538,Prince George's Precinct 09-001,Prince George's Precinct 09-010
4539,Prince George's Precinct 09-002,Prince George's Precinct 09-003
4540,Prince George's Precinct 09-002,Prince George's Precinct 09-005
4541,Prince George's Precinct 09-002,Prince George's Precinct 09-010
4542,Prince George's Precinct 09-002,Prince George's Precinct 12-015
4543,Prince George's Precinct 09-003,Prince George's Precinct 09-006
4544,Prince George's Precinct 09-003,Prince George's Precinct 09-009
4545,Prince George's Precinct 09-003,Prince George's Precinct 09-010
4546,Prince George's Precinct 09-003,Prince George's Precinct 15-002
4547,Prince George's Precinct 09-003,Prince George's Precinct 15-006
4548,Prince George's Precinct 09-004,Prince George's Precinct 09-007
4549,Prince George's Precinct 09-004,Prince George's Precinct 09-008
4550,Prince George's Precinct 09-004,Prince George's Precinct 09-010
4551,Prince George's Precinct 09-005,Prince George's Precinct 09-010
4552,Prince George's Precinct 09-005,Prince George's Precinct 12-008
4553,Prince George's Precinct 09-005,Prince George's Precinct 12-015
4554,Prince George's Precinct 09-006,Prince George's Precinct 09-008
4555,Prince George's Precinct 09-006,Prince George's Precinct 09-009
4556,Prince George's Precinct 09-006,Prince George's Precinct 09-010
4557,Prince George's Precinct 09-006,Prince George's Precinct 09-011
4558,Prince George's Precinct 09-007,Prince George's Precinct 09-008
4559,Prince George's Precinct 09-007,Prince George's Precinct 11-001
4560,Prince George's Precinct 09-008,Prince George's Precinct 09-010
4561,Prince George's Precinct 09-008,Prince George's Precinct 09-011
4562,Prince George's Precinct 09-008,Prince George's Precinct 11-001
4563,Prince George's Precinct 09-009,Prince George's Precinct 09-011
4564,Prince George's Precinct 09-009,Prince George's Precinct 11-003
4565,Prince George's Precinct 09-009,Prince George's Precinct 15-003
4566,Prince George's Precinct 09-009,Prince George's Precinct 15-006
4567,Prince George's Precinct 09-011,Prince George's Precinct 11-001
4568,Prince George's Precinct 09-011,Prince George's Precinct 11-003
4569,Prince George's Precinct 10-001,Prince George's Precinct 10-003
4570,Prince George's Precinct 10-001,Prince George's Precinct 10-006
4571,Prince George's Precinct 10-001,Prince George's Precinct 10-008
4572,Prince George's Precinct 10-001,Prince George's Precinct 10-009
4573,Prince George's Precinct 10-001,Prince George's Precinct 10-012
4574,Prince George's Precinct 10-001,Prince George's Precinct 10-013
4575,Prince George's Precinct 10-002,Prince George's Precinct 10-003
4576,Prince George's Precinct 10-002,Prince George's Precinct 10-004
4577,Prince George's Precinct 10-002,Prince George's Precinct 10-005
4578,Prince George's Precinct 10-002,Prince George's Precinct 10-013
4579,Prince George's Precinct 10-003,Prince George's Precinct 10-004
4580,Prince George's Precinct 10-003,Prince George's Precinct 10-009
4581,Prince George's Precinct 10-003,Prince George's Precinct 10-012
4582,Prince George's Precinct 10-004,Prince George's Precinct 10-012
4583,Prince George's Precinct 10-004,Prince George's Precinct 10-013
4584,Prince George's Precinct 10-005,Prince George's Precinct 10-013
4585,Prince George's Precinct 10-006,Prince George's Precinct 10-007
4586,Prince George's Precinct 10-006,Prince George's Precinct 10-008
4587,Prince George's Precinct 10-006,Prince George's Precinct 10-012
4588,Prince George's Precinct 10-006,Prince George's Precinct 10-013
4589,Prince George's Precinct 10-007,Prince George's Precinct 10-008
4590,Prince George's Precinct 10-007,Prince George's Precinct 10-009
4591,Prince George's Precinct 10-007,Prince George's Precinct 10-010
4592,Prince George's Precinct 10-007,Prince George's Precinct 10-011
4593,Prince George's Precinct 10-008,Prince George's Precinct 10-009
4594,Prince George's Precinct 10-009,Prince George's Precinct 10-012
4595,Prince George's Precinct 10-010,Prince George's Precinct 10-011
4596,Prince George's Precinct 10-010,Prince George's Precinct 14-008
4597,Prince George's Precinct 10-010,Prince George's Precinct 14-011
4598,Prince George's Precinct 10-012,Prince George's Precinct 10-013
4599,Prince George's Precinct 11-001,Prince George's Precinct 11-002
4600,Prince George's Precinct 11-001,Prince George's Precinct 11-003
4601,Prince George's Precinct 11-001,Prince George's Precinct 11-004
4602,Prince George's Precinct 11-002,Prince George's Precinct 11-003
4603,Prince George's Precinct 11-002,Prince George's Precinct 11-004
4604,Prince George's Precinct 11-002,Prince George's Precinct 15-001
4605,Prince George's Precinct 11-002,Prince George's Precinct 15-003
4606,Prince George's Precinct 11-003,Prince George's Precinct 15-003
4607,Prince George's Precinct 12-001,Prince George's Precinct 12-002
4608,Prince George's Precinct 12-001,Prince George's Precinct 12-004
4609,Prince George's Precinct 12-001,Prince George's Precinct 12-005
4610,Prince George's Precinct 12-001,Prince George's Precinct 12-010
4611,Prince George's Precinct 12-001,Prince George's Precinct 12-011
4612,Prince George's Precinct 12-001,Prince George's Precinct 12-012
4613,Prince George's Precinct 12-002,Prince George's Precinct 12-004
4614,Prince George's Precinct 12-002,Prince George's Precinct 12-005
4615,Prince George's Precinct 12-002,Prince George's Precinct 12-009
4616,Prince George's Precinct 12-002,Prince George's Precinct 12-010
4617,Prince George's Precinct 12-002,Prince George's Precinct 12-012
4618,Prince George's Precinct 12-003,Prince George's Precinct 12-004
4619,Prince George's Precinct 12-003,Prince George's Precinct 12-006
4620,Prince George's Precinct 12-003,Prince George's Precinct 12-013
4621,Prince George's Precinct 12-003,Prince George's Precinct 12-016
4622,Prince George's Precinct 12-004,Prince George's Precinct 12-006
4623,Prince George's Precinct 12-004,Prince George's Precinct 12-009
4624,Prince George's Precinct 12-004,Prince George's Precinct 12-012
4625,Prince George's Precinct 12-004,Prince George's Precinct 12-016
4626,Prince George's Precinct 12-005,Prince George's Precinct 12-010
4627,Prince George's Precinct 12-005,Prince George's Precinct 12-011
4628,Prince George's Precinct 12-005,Prince George's Precinct 12-014
4629,Prince George's Precinct 12-006,Prince George's Precinct 12-009
4630,Prince George's Precinct 12-006,Prince George's Precinct 12-013
4631,Prince George's Precinct 12-007,Prince George's Precinct 12-012
4632,Prince George's Precinct 12-007,Prince George's Precinct 12-015
4633,Prince George's Precinct 12-007,Prince George's Precinct 12-016
4634,Prince George's Precinct 12-007,Prince George's Precinct 12-017
4635,Prince George's Precinct 12-008,Prince George's Precinct 12-011
4636,Prince George's Precinct 12-008,Prince George's Precinct 12-012
4637,Prince George's Precinct 12-008,Prince George's Precinct 12-015
4638,Prince George's Precinct 12-009,Prince George's Precinct 12-010
4639,Prince George's Precinct 12-010,Prince George's Precinct 12-014
4640,Prince George's Precinct 12-011,Prince George's Precinct 12-012
4641,Prince George's Precinct 12-012,Prince George's Precinct 12-015
4642,Prince George's Precinct 12-012,Prince George's Precinct 12-016
4643,Prince George's Precinct 12-012,Prince George's Precinct 12-017
4644,Prince George's Precinct 12-015,Prince George's Precinct 12-017
4645,Prince George's Precinct 12-016,Prince George's Precinct 12-017
4646,Prince George's Precinct 13-001,Prince George's Precinct 13-007
4647,Prince George's Precinct 13-001,Prince George's Precinct 13-008
4648,Prince George's Precinct 13-001,Prince George's Precinct 13-016
4649,Prince George's Precinct 13-002,Prince George's Precinct 13-008
4650,Prince George's Precinct 13-002,Prince George's Precinct 13-017
4651,Prince George's Precinct 13-002,Prince George's Precinct 18-005
4652,Prince George's Precinct 13-002,Prince George's Precinct 18-012
4653,Prince George's Precinct 13-002,Prince George's Precinct 20-007
4654,Prince George's Precinct 13-003,Prince George's Precinct 13-008
4655,Prince George's Precinct 13-003,Prince George's Precinct 13-014
4656,Prince George's Precinct 13-003,Prince George's Precinct 20-003
4657,Prince George's Precinct 13-003,Prince George's Precinct 20-007
4658,Prince George's Precinct 13-004,Prince George's Precinct 13-006
4659,Prince George's Precinct 13-004,Prince George's Precinct 13-010
4660,Prince George's Precinct 13-004,Prince George's Precinct 13-011
4661,Prince George's Precinct 13-004,Prince George's Precinct 13-012
4662,Prince George's Precinct 13-005,Prince George's Precinct 13-012
4663,Prince George's Precinct 13-005,Prince George's Precinct 13-013
4664,Prince George's Precinct 13-005,Prince George's Precinct 13-014
4665,Prince George's Precinct 13-005,Prince George's Precinct 13-015
4666,Prince George's Precinct 13-005,Prince George's Precinct 20-003
4667,Prince George's Precinct 13-005,Prince George's Precinct 20-004
4668,Prince George's Precinct 13-005,Prince George's Precinct 20-011
4669,Prince George's Precinct 13-006,Prince George's Precinct 13-009
4670,Prince George's Precinct 13-006,Prince George's Precinct 13-010
4671,Prince George's Precinct 13-006,Prince George's Precinct 15-005
4672,Prince George's Precinct 13-007,Prince George's Precinct 13-008
4673,Prince George's Precinct 13-007,Prince George's Precinct 13-009
4674,Prince George's Precinct 13-007,Prince George's Precinct 13-010
4675,Prince George's Precinct 13-007,Prince George's Precinct 13-014
4676,Prince George's Precinct 13-007,Prince George's Precinct 13-016
4677,Prince George's Precinct 13-007,Prince George's Precinct 18-006
4678,Prince George's Precinct 13-008,Prince George's Precinct 13-010
4679,Prince George's Precinct 13-008,Prince George's Precinct 13-014
4680,Prince George's Precinct 13-008,Prince George's Precinct 13-016
4681,Prince George's Precinct 13-008,Prince George's Precinct 13-017
4682,Prince George's Precinct 13-008,Prince George's Precinct 18-003
4683,Prince George's Precinct 13-008,Prince George's Precinct 20-007
4684,Prince George's Precinct 13-009,Prince George's Precinct 13-010
4685,Prince George's Precinct 13-009,Prince George's Precinct 13-016
4686,Prince George's Precinct 13-009,Prince George's Precinct 15-002
4687,Prince George's Precinct 13-009,Prince George's Precinct 15-005
4688,Prince George's Precinct 13-009,Prince George's Precinct 18-006
4689,Prince George's Precinct 13-010,Prince George's Precinct 13-012
4690,Prince George's Precinct 13-010,Prince George's Precinct 13-014
4691,Prince George's Precinct 13-011,Prince George's Precinct 13-012
4692,Prince George's Precinct 13-012,Prince George's Precinct 13-013
4693,Prince George's Precinct 13-012,Prince George's Precinct 13-014
4694,Prince George's Precinct 13-013,Prince George's Precinct 13-015
4695,Prince George's Precinct 13-014,Prince George's Precinct 20-003
4696,Prince George's Precinct 13-015,Prince George's Precinct 14-007
4697,Prince George's Precinct 13-015,Prince George's Precinct 20-004
4698,Prince George's Precinct 13-016,Prince George's Precinct 13-017
4699,Prince George's Precinct 13-016,Prince George's Precinct 18-003
4700,Prince George's Precinct 13-016,Prince George's Precinct 18-006
4701,Prince George's Precinct 13-016,Prince George's Precinct 18-008
4702,Prince George's Precinct 13-016,Prince George's Precinct 18-010
4703,Prince George's Precinct 13-017,Prince George's Precinct 18-003
4704,Prince George's Precinct 13-017,Prince George's Precinct 18-005
4705,Prince George's Precinct 14-001,Prince George's Precinct 14-003
4706,Prince George's Precinct 14-001,Prince George's Precinct 14-005
4707,Prince George's Precinct 14-001,Prince George's Precinct 14-007
4708,Prince George's Precinct 14-001,Prince George's Precinct 14-009
4709,Prince George's Precinct 14-001,Prince George's Precinct 14-010
4710,Prince George's Precinct 14-002,Prince George's Precinct 14-007
4711,Prince George's Precinct 14-002,Prince George's Precinct 14-008
4712,Prince George's Precinct 14-002,Prince George's Precinct 20-008
4713,Prince George's Precinct 14-002,Prince George's Precinct 20-009
4714,Prince George's Precinct 14-002,Prince George's Precinct 20-010
4715,Prince George's Precinct 14-003,Prince George's Precinct 14-004
4716,Prince George's Precinct 14-003,Prince George's Precinct 14-005
4717,Prince George's Precinct 14-003,Prince George's Precinct 14-010
4718,Prince George's Precinct 14-004,Prince George's Precinct 14-005
4719,Prince George's Precinct 14-004,Prince George's Precinct 14-006
4720,Prince George's Precinct 14-004,Prince George's Precinct 14-011
4721,Prince George's Precinct 14-005,Prince George's Precinct 14-009
4722,Prince George's Precinct 14-005,Prince George's Precinct 14-011
4723,Prince George's Precinct 14-006,Prince George's Precinct 14-011
4724,Prince George's Precinct 14-007,Prince George's Precinct 14-008
4725,Prince George's Precinct 14-007,Prince George's Precinct 14-009
4726,Prince George's Precinct 14-007,Prince George's Precinct 14-010
4727,Prince George's Precinct 14-007,Prince George's Precinct 14-011
4728,Prince George's Precinct 14-007,Prince George's Precinct 20-004
4729,Prince George's Precinct 14-007,Prince George's Precinct 20-009
4730,Prince George's Precinct 14-008,Prince George's Precinct 14-011
4731,Prince George's Precinct 14-008,Prince George's Precinct 20-010
4732,Prince George's Precinct 14-008,Prince George's Precinct 21-011
4733,Prince George's Precinct 14-008,Prince George's Precinct 21-013
4734,Prince George's Precinct 14-009,Prince George's Precinct 14-011
4735,Prince George's Precinct 15-001,Prince George's Precinct 15-003
4736,Prince George's Precinct 15-001,Prince George's Precinct 15-004
4737,Prince George's Precinct 15-002,Prince George's Precinct 15-005
4738,Prince George's Precinct 15-002,Prince George's Precinct 15-006
4739,Prince George's Precinct 15-003,Prince George's Precinct 15-004
4740,Prince George's Precinct 15-003,Prince George's Precinct 15-006
4741,Prince George's Precinct 15-004,Prince George's Precinct 15-006
4742,Prince George's Precinct 15-005,Prince George's Precinct 15-006
4743,Prince George's Precinct 16-001,Prince George's Precinct 16-003
4744,Prince George's Precinct 16-001,Prince George's Precinct 16-005
4745,Prince George's Precinct 16-001,Prince George's Precinct 16-099
4746,Prince George's Precinct 16-001,Prince George's Precinct 19-001
4747,Prince George's Precinct 16-002,Prince George's Precinct 16-003
4748,Prince George's Precinct 16-002,Prince George's Precinct 16-004
4749,Prince George's Precinct 16-002,Prince George's Precinct 16-005
4750,Prince George's Precinct 16-002,Prince George's Precinct 17-002
4751,Prince George's Precinct 16-003,Prince George's Precinct 16-004
4752,Prince George's Precinct 16-003,Prince George's Precinct 16-005
4753,Prince George's Precinct 16-003,Prince George's Precinct 17-008
4754,Prince George's Precinct 16-003,Prince George's Precinct 19-001
4755,Prince George's Precinct 16-003,Prince George's Precinct 19-003
4756,Prince George's Precinct 16-004,Prince George's Precinct 17-002
4757,Prince George's Precinct 16-004,Prince George's Precinct 17-004
4758,Prince George's Precinct 16-004,Prince George's Precinct 17-006
4759,Prince George's Precinct 16-004,Prince George's Precinct 17-008
4760,Prince George's Precinct 16-005,Prince George's Precinct 16-098
4761,Prince George's Precinct 16-005,Prince George's Precinct 17-002
4762,Prince George's Precinct 17-001,Prince George's Precinct 17-002
4763,Prince George's Precinct 17-001,Prince George's Precinct 17-004
4764,Prince George's Precinct 17-002,Prince George's Precinct 17-004
4765,Prince George's Precinct 17-003,Prince George's Precinct 17-005
4766,Prince George's Precinct 17-003,Prince George's Precinct 17-009
4767,Prince George's Precinct 17-003,Prince George's Precinct 17-010
4768,Prince George's Precinct 17-003,Prince George's Precinct 17-012
4769,Prince George's Precinct 17-004,Prince George's Precinct 17-006
4770,Prince George's Precinct 17-004,Prince George's Precinct 17-007
4771,Prince George's Precinct 17-005,Prince George's Precinct 17-009
4772,Prince George's Precinct 17-005,Prince George's Precinct 17-010
4773,Prince George's Precinct 17-005,Prince George's Precinct 17-011
4774,Prince George's Precinct 17-006,Prince George's Precinct 17-007
4775,Prince George's Precinct 17-006,Prince George's Precinct 17-008
4776,Prince George's Precinct 17-006,Prince George's Precinct 17-010
4777,Prince George's Precinct 17-006,Prince George's Precinct 17-011
4778,Prince George's Precinct 17-007,Prince George's Precinct 17-011
4779,Prince George's Precinct 17-008,Prince George's Precinct 17-009
4780,Prince George's Precinct 17-008,Prince George's Precinct 17-010
4781,Prince George's Precinct 17-008,Prince George's Precinct 19-003
4782,Prince George's Precinct 17-008,Prince George's Precinct 21-012
4783,Prince George's Precinct 17-008,Prince George's Precinct 21-017
4784,Prince George's Precinct 17-009,Prince George's Precinct 17-010
4785,Prince George's Precinct 17-009,Prince George's Precinct 17-012
4786,Prince George's Precinct 17-009,Prince George's Precinct 21-005
4787,Prince George's Precinct 17-009,Prince George's Precinct 21-012
4788,Prince George's Precinct 17-009,Prince George's Precinct 21-015
4789,Prince George's Precinct 17-009,Prince George's Precinct 21-017
4790,Prince George's Precinct 17-010,Prince George's Precinct 17-011
4791,Prince George's Precinct 17-012,Prince George's Precinct 21-005
4792,Prince George's Precinct 18-001,Prince George's Precinct 18-002
4793,Prince George's Precinct 18-001,Prince George's Precinct 18-004
4794,Prince George's Precinct 18-001,Prince George's Precinct 18-009
4795,Prince George's Precinct 18-001,Prince George's Precinct 18-011
4796,Prince George's Precinct 18-002,Prince George's Precinct 18-003
4797,Prince George's Precinct 18-002,Prince George's Precinct 18-007
4798,Prince George's Precinct 18-002,Prince George's Precinct 18-008
4799,Prince George's Precinct 18-002,Prince George's Precinct 18-009
4800,Prince George's Precinct 18-003,Prince George's Precinct 18-005
4801,Prince George's Precinct 18-003,Prince George's Precinct 18-008
4802,Prince George's Precinct 18-004,Prince George's Precinct 18-009
4803,Prince George's Precinct 18-004,Prince George's Precinct 18-011
4804,Prince George's Precinct 18-005,Prince George's Precinct 18-012
4805,Prince George's Precinct 18-006,Prince George's Precinct 18-007
4806,Prince George's Precinct 18-006,Prince George's Precinct 18-009
4807,Prince George's Precinct 18-006,Prince George's Precinct 18-010
4808,Prince George's Precinct 18-007,Prince George's Precinct 18-008
4809,Prince George's Precinct 18-007,Prince George's Precinct 18-009
4810,Prince George's Precinct 18-007,Prince George's Precinct 18-010
4811,Prince George's Precinct 18-008,Prince George's Precinct 18-010
4812,Prince George's Precinct 19-001,Prince George's Precinct 19-002
4813,Prince George's Precinct 19-001,Prince George's Precinct 19-003
4814,Prince George's Precinct 19-001,Prince George's Precinct 19-005
4815,Prince George's Precinct 19-001,Prince George's Precinct 21-001
4816,Prince George's Precinct 19-001,Prince George's Precinct 21-002
4817,Prince George's Precinct 19-001,Prince George's Precinct 21-007
4818,Prince George's Precinct 19-002,Prince George's Precinct 19-004
4819,Prince George's Precinct 19-002,Prince George's Precinct 19-005
4820,Prince George's Precinct 19-002,Prince George's Precinct 20-005
4821,Prince George's Precinct 19-002,Prince George's Precinct 20-006
4822,Prince George's Precinct 19-002,Prince George's Precinct 21-001
4823,Prince George's Precinct 19-002,Prince George's Precinct 21-007
4824,Prince George's Precinct 19-002,Prince George's Precinct 21-009
4825,Prince George's Precinct 19-002,Prince George's Precinct 21-016
4826,Prince George's Precinct 19-003,Prince George's Precinct 21-002
4827,Prince George's Precinct 19-003,Prince George's Precinct 21-012
4828,Prince George's Precinct 19-004,Prince George's Precinct 19-005
4829,Prince George's Precinct 20-001,Prince George's Precinct 20-002
4830,Prince George's Precinct 20-001,Prince George's Precinct 20-005
4831,Prince George's Precinct 20-001,Prince George's Precinct 20-006
4832,Prince George's Precinct 20-001,Prince George's Precinct 20-010
4833,Prince George's Precinct 20-001,Prince George's Precinct 20-011
4834,Prince George's Precinct 20-001,Prince George's Precinct 20-013
4835,Prince George's Precinct 20-001,Prince George's Precinct 21-011
4836,Prince George's Precinct 20-001,Prince George's Precinct 21-016
4837,Prince George's Precinct 20-001,Prince George's Precinct 21-018
4838,Prince George's Precinct 20-002,Prince George's Precinct 20-006
4839,Prince George's Precinct 20-002,Prince George's Precinct 20-007
4840,Prince George's Precinct 20-002,Prince George's Precinct 20-011
4841,Prince George's Precinct 20-002,Prince George's Precinct 20-012
4842,Prince George's Precinct 20-002,Prince George's Precinct 20-013
4843,Prince George's Precinct 20-003,Prince George's Precinct 20-007
4844,Prince George's Precinct 20-003,Prince George's Precinct 20-011
4845,Prince George's Precinct 20-004,Prince George's Precinct 20-008
4846,Prince George's Precinct 20-004,Prince George's Precinct 20-009
4847,Prince George's Precinct 20-004,Prince George's Precinct 20-010
4848,Prince George's Precinct 20-004,Prince George's Precinct 20-011
4849,Prince George's Precinct 20-005,Prince George's Precinct 20-006
4850,Prince George's Precinct 20-005,Prince George's Precinct 21-016
4851,Prince George's Precinct 20-006,Prince George's Precinct 20-012
4852,Prince George's Precinct 20-006,Prince George's Precinct 20-013
4853,Prince George's Precinct 20-007,Prince George's Precinct 20-011
4854,Prince George's Precinct 20-008,Prince George's Precinct 20-009
4855,Prince George's Precinct 20-008,Prince George's Precinct 20-010
4856,Prince George's Precinct 20-010,Prince George's Precinct 20-011
4857,Prince George's Precinct 20-010,Prince George's Precinct 21-011
4858,Prince George's Precinct 21-001,Prince George's Precinct 21-002
4859,Prince George's Precinct 21-001,Prince George's Precinct 21-004
4860,Prince George's Precinct 21-001,Prince George's Precinct 21-007
4861,Prince George's Precinct 21-001,Prince George's Precinct 21-010
4862,Prince George's Precinct 21-001,Prince George's Precinct 21-015
4863,Prince George's Precinct 21-001,Prince George's Precinct 21-017
4864,Prince George's Precinct 21-002,Prince George's Precinct 21-012
4865,Prince George's Precinct 21-002,Prince George's Precinct 21-017
4866,Prince George's Precinct 21-003,Prince George's Precinct 21-006
4867,Prince George's Precinct 21-003,Prince George's Precinct 21-008
4868,Prince George's Precinct 21-003,Prince George's Precinct 21-013
4869,Prince George's Precinct 21-003,Prince George's Precinct 21-016
4870,Prince George's Precinct 21-003,Prince George's Precinct 21-018
4871,Prince George's Precinct 21-004,Prince George's Precinct 21-010
4872,Prince George's Precinct 21-004,Prince George's Precinct 21-014
4873,Prince George's Precinct 21-004,Prince George's Precinct 21-015
4874,Prince George's Precinct 21-005,Prince George's Precinct 21-014
4875,Prince George's Precinct 21-005,Prince George's Precinct 21-015
4876,Prince George's Precinct 21-005,Prince George's Precinct 21-099
4877,Prince George's Precinct 21-006,Prince George's Precinct 21-008
4878,Prince George's Precinct 21-006,Prince George's Precinct 21-013
4879,Prince George's Precinct 21-006,Prince George's Precinct 21-097
4880,Prince George's Precinct 21-007,Prince George's Precinct 21-008
4881,Prince George's Precinct 21-007,Prince George's Precinct 21-009
4882,Prince George's Precinct 21-007,Prince George's Precinct 21-010
4883,Prince George's Precinct 21-008,Prince George's Precinct 21-009
4884,Prince George's Precinct 21-008,Prince George's Precinct 21-010
4885,Prince George's Precinct 21-008,Prince George's Precinct 21-016
4886,Prince George's Precinct 21-008,Prince George's Precinct 21-018
4887,Prince George's Precinct 21-008,Prince George's Precinct 21-097
4888,Prince George's Precinct 21-008,Prince George's Precinct 21-098
4889,Prince George's Precinct 21-009,Prince George's Precinct 21-016
4890,Prince George's Precinct 21-010,Prince George's Precinct 21-098
4891,Prince George's Precinct 21-011,Prince George's Precinct 21-013
4892,Prince George's Precinct 21-011,Prince George's Precinct 21-018
4893,Prince George's Precinct 21-012,Prince George's Precinct 21-017
4894,Prince George's Precinct 21-013,Prince George's Precinct 21-018
4895,Prince George's Precinct 21-014,Prince George's Precinct 21-015
4896,Prince George's Precinct 21-015,Prince George's Precinct 21-017
4897,Prince George's Precinct 21-015,Prince George's Precinct 21-099
4898,Prince George's Precinct 21-016,Prince George's Precinct 21-018
4899,Prince George's Precinct 21-097,Prince George's Precinct 21-098
4900,Queen Anne's Precinct 01-001,Queen Anne's Precinct 02-001
4901,Queen Anne's Precinct 01-001,Queen Anne's Precinct 06-001
4902,Queen Anne's Precinct 01-001,Queen Anne's Precinct 07-001
4903,Queen Anne's Precinct 02-001,Queen Anne's Precinct 02-002
4904,Queen Anne's Precinct 02-001,Queen Anne's Precinct 03-002
4905,Queen Anne's Precinct 02-001,Queen Anne's Precinct 06-001
4906,Queen Anne's Precinct 02-001,Queen Anne's Precinct 07-001
4907,Queen Anne's Precinct 02-002,Queen Anne's Precinct 07-001
4908,Queen Anne's Precinct 03-001,Queen Anne's Precinct 03-002
4909,Queen Anne's Precinct 03-001,Queen Anne's Precinct 05-001
4910,Queen Anne's Precinct 03-001,Queen Anne's Precinct 06-001
4911,Queen Anne's Precinct 03-001,Talbot Precinct 04-001
4912,Queen Anne's Precinct 03-002,Queen Anne's Precinct 05-001
4913,Queen Anne's Precinct 03-002,Queen Anne's Precinct 06-001
4914,Queen Anne's Precinct 04-001,Queen Anne's Precinct 04-004
4915,Queen Anne's Precinct 04-001,Queen Anne's Precinct 04-005
4916,Queen Anne's Precinct 04-002,Queen Anne's Precinct 04-004
4917,Queen Anne's Precinct 04-002,Queen Anne's Precinct 04-005
4918,Queen Anne's Precinct 04-002,Queen Anne's Precinct 04-007
4919,Queen Anne's Precinct 04-003,Queen Anne's Precinct 04-005
4920,Queen Anne's Precinct 04-003,Queen Anne's Precinct 04-006
4921,Queen Anne's Precinct 04-004,Queen Anne's Precinct 04-005
4922,Queen Anne's Precinct 04-004,Queen Anne's Precinct 04-007
4923,Queen Anne's Precinct 04-004,Queen Anne's Precinct 05-003
4924,Queen Anne's Precinct 05-001,Queen Anne's Precinct 05-002
4925,Queen Anne's Precinct 05-001,Queen Anne's Precinct 05-003
4926,Queen Anne's Precinct 05-001,Talbot Precinct 04-001
4927,Queen Anne's Precinct 05-002,Queen Anne's Precinct 05-003
4928,Queen Anne's Precinct 06-001,Talbot Precinct 04-001
4929,Somerset Precinct 01-001,Somerset Precinct 01-002
4930,Somerset Precinct 01-001,Somerset Precinct 01-003
4931,Somerset Precinct 01-001,Somerset Precinct 05-001
4932,Somerset Precinct 01-001,Somerset Precinct 15-001
4933,Somerset Precinct 01-001,Wicomico Precinct 07-002
4934,Somerset Precinct 01-001,Wicomico Precinct 16-001
4935,Somerset Precinct 01-001,Wicomico Precinct 16-002
4936,Somerset Precinct 01-002,Somerset Precinct 01-003
4937,Somerset Precinct 01-002,Somerset Precinct 02-001
4938,Somerset Precinct 01-002,Somerset Precinct 05-001
4939,Somerset Precinct 01-002,Somerset Precinct 13-001
4940,Somerset Precinct 01-002,Somerset Precinct 13-002
4941,Somerset Precinct 01-002,Somerset Precinct 15-002
4942,Somerset Precinct 01-003,Somerset Precinct 15-001
4943,Somerset Precinct 01-003,Somerset Precinct 15-002
4944,Somerset Precinct 02-001,Somerset Precinct 11-001
4945,Somerset Precinct 03-001,Somerset Precinct 04-001
4946,Somerset Precinct 03-001,Somerset Precinct 08-001
4947,Somerset Precinct 03-001,Somerset Precinct 13-003
4948,Somerset Precinct 04-001,Somerset Precinct 13-002
4949,Somerset Precinct 04-001,Somerset Precinct 13-003
4950,Somerset Precinct 04-001,Somerset Precinct 15-001
4951,Somerset Precinct 04-001,Somerset Precinct 15-002
4952,Somerset Precinct 04-001,Worcester Precinct 01-001
4953,Somerset Precinct 04-001,Worcester Precinct 01-002
4954,Somerset Precinct 04-001,Worcester Precinct 04-002
4955,Somerset Precinct 06-001,Somerset Precinct 13-001
4956,Somerset Precinct 06-001,Somerset Precinct 13-002
4957,Somerset Precinct 06-001,Somerset Precinct 13-003
4958,Somerset Precinct 07-001,Somerset Precinct 08-001
4959,Somerset Precinct 07-001,Somerset Precinct 08-002
4960,Somerset Precinct 07-001,Somerset Precinct 12-001
4961,Somerset Precinct 08-001,Somerset Precinct 08-002
4962,Somerset Precinct 08-001,Somerset Precinct 12-001
4963,Somerset Precinct 08-002,Somerset Precinct 12-001
4964,Somerset Precinct 09-001,Somerset Precinct 11-001
4965,Somerset Precinct 13-001,Somerset Precinct 13-002
4966,Somerset Precinct 13-001,Somerset Precinct 13-003
4967,Somerset Precinct 13-002,Somerset Precinct 13-003
4968,Somerset Precinct 13-002,Somerset Precinct 15-002
4969,Somerset Precinct 15-001,Somerset Precinct 15-002
4970,Somerset Precinct 15-001,Wicomico Precinct 16-001
4971,Somerset Precinct 15-001,Wicomico Precinct 16-002
4972,Somerset Precinct 15-001,Worcester Precinct 04-002
4973,St. Mary's Precinct 01-001,St. Mary's Precinct 01-002
4974,St. Mary's Precinct 01-001,St. Mary's Precinct 08-004
4975,St. Mary's Precinct 01-002,St. Mary's Precinct 08-004
4976,St. Mary's Precinct 02-001,St. Mary's Precinct 02-002
4977,St. Mary's Precinct 02-001,St. Mary's Precinct 03-003
4978,St. Mary's Precinct 02-001,St. Mary's Precinct 03-005
4979,St. Mary's Precinct 02-001,St. Mary's Precinct 08-001
4980,St. Mary's Precinct 02-001,St. Mary's Precinct 08-003
4981,St. Mary's Precinct 02-001,St. Mary's Precinct 08-009
4982,St. Mary's Precinct 02-002,St. Mary's Precinct 03-003
4983,St. Mary's Precinct 02-002,St. Mary's Precinct 03-005
4984,St. Mary's Precinct 03-001,St. Mary's Precinct 03-002
4985,St. Mary's Precinct 03-001,St. Mary's Precinct 03-003
4986,St. Mary's Precinct 03-001,St. Mary's Precinct 03-004
4987,St. Mary's Precinct 03-001,St. Mary's Precinct 03-005
4988,St. Mary's Precinct 03-002,St. Mary's Precinct 03-004
4989,St. Mary's Precinct 03-002,St. Mary's Precinct 03-005
4990,St. Mary's Precinct 03-002,St. Mary's Precinct 04-003
4991,St. Mary's Precinct 03-002,St. Mary's Precinct 06-001
4992,St. Mary's Precinct 03-002,St. Mary's Precinct 06-003
4993,St. Mary's Precinct 03-002,St. Mary's Precinct 06-004
4994,St. Mary's Precinct 03-002,St. Mary's Precinct 07-001
4995,St. Mary's Precinct 03-003,St. Mary's Precinct 03-005
4996,St. Mary's Precinct 03-005,St. Mary's Precinct 06-001
4997,St. Mary's Precinct 03-005,St. Mary's Precinct 06-003
4998,St. Mary's Precinct 03-005,St. Mary's Precinct 08-003
4999,St. Mary's Precinct 03-005,St. Mary's Precinct 08-005
5000,St. Mary's Precinct 04-001,St. Mary's Precinct 04-002
5001,St. Mary's Precinct 04-001,St. Mary's Precinct 04-003
5002,St. Mary's Precinct 04-001,St. Mary's Precinct 05-001
5003,St. Mary's Precinct 04-001,St. Mary's Precinct 05-002
5004,St. Mary's Precinct 04-001,St. Mary's Precinct 06-004
5005,St. Mary's Precinct 04-002,St. Mary's Precinct 04-003
5006,St. Mary's Precinct 04-002,St. Mary's Precinct 05-001
5007,St. Mary's Precinct 04-003,St. Mary's Precinct 06-004
5008,St. Mary's Precinct 04-003,St. Mary's Precinct 07-001
5009,St. Mary's Precinct 05-001,St. Mary's Precinct 05-002
5010,St. Mary's Precinct 05-001,St. Mary's Precinct 06-004
5011,St. Mary's Precinct 05-002,St. Mary's Precinct 05-003
5012,St. Mary's Precinct 05-002,St. Mary's Precinct 06-002
5013,St. Mary's Precinct 05-002,St. Mary's Precinct 06-004
5014,St. Mary's Precinct 06-001,St. Mary's Precinct 06-002
5015,St. Mary's Precinct 06-001,St. Mary's Precinct 06-003
5016,St. Mary's Precinct 06-001,St. Mary's Precinct 06-004
5017,St. Mary's Precinct 06-002,St. Mary's Precinct 06-004
5018,St. Mary's Precinct 06-003,St. Mary's Precinct 08-002
5019,St. Mary's Precinct 06-003,St. Mary's Precinct 08-005
5020,St. Mary's Precinct 06-003,St. Mary's Precinct 08-008
5021,St. Mary's Precinct 08-001,St. Mary's Precinct 08-004
5022,St. Mary's Precinct 08-001,St. Mary's Precinct 08-009
5023,St. Mary's Precinct 08-002,St. Mary's Precinct 08-003
5024,St. Mary's Precinct 08-002,St. Mary's Precinct 08-005
5025,St. Mary's Precinct 08-002,St. Mary's Precinct 08-006
5026,St. Mary's Precinct 08-002,St. Mary's Precinct 08-008
5027,St. Mary's Precinct 08-003,St. Mary's Precinct 08-005
5028,St. Mary's Precinct 08-003,St. Mary's Precinct 08-006
5029,St. Mary's Precinct 08-003,St. Mary's Precinct 08-007
5030,St. Mary's Precinct 08-003,St. Mary's Precinct 08-009
5031,St. Mary's Precinct 08-003,St. Mary's Precinct 08-010
5032,St. Mary's Precinct 08-004,St. Mary's Precinct 08-006
5033,St. Mary's Precinct 08-004,St. Mary's Precinct 08-009
5034,St. Mary's Precinct 08-005,St. Mary's Precinct 08-008
5035,St. Mary's Precinct 08-006,St. Mary's Precinct 08-007
5036,St. Mary's Precinct 08-006,St. Mary's Precinct 08-009
5037,St. Mary's Precinct 08-006,St. Mary's Precinct 08-010
5038,St. Mary's Precinct 08-007,St. Mary's Precinct 08-009
5039,St. Mary's Precinct 08-007,St. Mary's Precinct 08-010
5040,Talbot Precinct 01-001,Talbot Precinct 01-002
5041,Talbot Precinct 01-001,Talbot Precinct 01-003
5042,Talbot Precinct 01-001,Talbot Precinct 01-005
5043,Talbot Precinct 01-001,Talbot Precinct 02-003
5044,Talbot Precinct 01-001,Talbot Precinct 03-001
5045,Talbot Precinct 01-001,Talbot Precinct 03-003
5046,Talbot Precinct 01-002,Talbot Precinct 01-003
5047,Talbot Precinct 01-002,Talbot Precinct 01-005
5048,Talbot Precinct 01-002,Talbot Precinct 03-001
5049,Talbot Precinct 01-002,Talbot Precinct 03-003
5050,Talbot Precinct 01-003,Talbot Precinct 01-005
5051,Talbot Precinct 01-005,Talbot Precinct 04-001
5052,Talbot Precinct 02-001,Talbot Precinct 02-002
5053,Talbot Precinct 02-001,Talbot Precinct 02-003
5054,Talbot Precinct 02-001,Talbot Precinct 05-001
5055,Talbot Precinct 02-002,Talbot Precinct 05-001
5056,Talbot Precinct 02-003,Talbot Precinct 03-003
5057,Talbot Precinct 03-001,Talbot Precinct 03-003
5058,Talbot Precinct 05-001,Talbot Precinct 05-002
5059,Washington Precinct 01-001,Washington Precinct 08-001
5060,Washington Precinct 01-001,Washington Precinct 11-002
5061,Washington Precinct 01-001,Washington Precinct 12-001
5062,Washington Precinct 01-001,Washington Precinct 19-001
5063,Washington Precinct 02-001,Washington Precinct 10-002
5064,Washington Precinct 02-001,Washington Precinct 12-001
5065,Washington Precinct 02-001,Washington Precinct 20-001
5066,Washington Precinct 02-001,Washington Precinct 23-001
5067,Washington Precinct 02-001,Washington Precinct 24-001
5068,Washington Precinct 02-001,Washington Precinct 26-001
5069,Washington Precinct 02-001,Washington Precinct 26-002
5070,Washington Precinct 02-001,Washington Precinct 26-003
5071,Washington Precinct 03-001,Washington Precinct 03-002
5072,Washington Precinct 03-001,Washington Precinct 03-004
5073,Washington Precinct 03-001,Washington Precinct 17-001
5074,Washington Precinct 03-001,Washington Precinct 17-002
5075,Washington Precinct 03-001,Washington Precinct 22-001
5076,Washington Precinct 03-001,Washington Precinct 25-001
5077,Washington Precinct 03-002,Washington Precinct 03-003
5078,Washington Precinct 03-002,Washington Precinct 03-004
5079,Washington Precinct 03-002,Washington Precinct 17-002
5080,Washington Precinct 03-003,Washington Precinct 03-004
5081,Washington Precinct 03-003,Washington Precinct 10-001
5082,Washington Precinct 03-003,Washington Precinct 10-002
5083,Washington Precinct 03-003,Washington Precinct 10-004
5084,Washington Precinct 03-003,Washington Precinct 17-002
5085,Washington Precinct 03-003,Washington Precinct 26-001
5086,Washington Precinct 03-003,Washington Precinct 26-002
5087,Washington Precinct 03-004,Washington Precinct 24-001
5088,Washington Precinct 03-004,Washington Precinct 24-002
5089,Washington Precinct 03-004,Washington Precinct 25-001
5090,Washington Precinct 03-004,Washington Precinct 25-002
5091,Washington Precinct 03-004,Washington Precinct 25-004
5092,Washington Precinct 03-004,Washington Precinct 26-001
5093,Washington Precinct 04-001,Washington Precinct 15-001
5094,Washington Precinct 04-001,Washington Precinct 23-001
5095,Washington Precinct 05-001,Washington Precinct 15-001
5096,Washington Precinct 06-001,Washington Precinct 06-002
5097,Washington Precinct 06-001,Washington Precinct 08-001
5098,Washington Precinct 06-001,Washington Precinct 10-001
5099,Washington Precinct 06-001,Washington Precinct 12-001
5100,Washington Precinct 06-001,Washington Precinct 16-001
5101,Washington Precinct 06-001,Washington Precinct 19-001
5102,Washington Precinct 07-001,Washington Precinct 07-002
5103,Washington Precinct 07-001,Washington Precinct 09-001
5104,Washington Precinct 07-001,Washington Precinct 14-001
5105,Washington Precinct 07-001,Washington Precinct 14-002
5106,Washington Precinct 07-001,Washington Precinct 18-001
5107,Washington Precinct 08-001,Washington Precinct 11-001
5108,Washington Precinct 08-001,Washington Precinct 11-002
5109,Washington Precinct 08-001,Washington Precinct 19-001
5110,Washington Precinct 09-001,Washington Precinct 14-001
5111,Washington Precinct 09-001,Washington Precinct 18-001
5112,Washington Precinct 09-001,Washington Precinct 18-002
5113,Washington Precinct 09-001,Washington Precinct 27-001
5114,Washington Precinct 09-001,Washington Precinct 27-002
5115,Washington Precinct 10-001,Washington Precinct 10-002
5116,Washington Precinct 10-001,Washington Precinct 10-004
5117,Washington Precinct 10-001,Washington Precinct 12-001
5118,Washington Precinct 10-001,Washington Precinct 16-001
5119,Washington Precinct 10-001,Washington Precinct 17-002
5120,Washington Precinct 10-001,Washington Precinct 18-003
5121,Washington Precinct 10-002,Washington Precinct 10-004
5122,Washington Precinct 10-002,Washington Precinct 12-001
5123,Washington Precinct 10-002,Washington Precinct 26-002
5124,Washington Precinct 10-003,Washington Precinct 17-001
5125,Washington Precinct 10-003,Washington Precinct 17-002
5126,Washington Precinct 10-003,Washington Precinct 18-002
5127,Washington Precinct 10-003,Washington Precinct 18-003
5128,Washington Precinct 10-003,Washington Precinct 22-002
5129,Washington Precinct 10-004,Washington Precinct 17-002
5130,Washington Precinct 11-001,Washington Precinct 11-002
5131,Washington Precinct 12-001,Washington Precinct 19-001
5132,Washington Precinct 12-001,Washington Precinct 20-001
5133,Washington Precinct 13-001,Washington Precinct 13-002
5134,Washington Precinct 13-001,Washington Precinct 21-002
5135,Washington Precinct 13-001,Washington Precinct 23-001
5136,Washington Precinct 13-001,Washington Precinct 24-001
5137,Washington Precinct 13-001,Washington Precinct 25-002
5138,Washington Precinct 13-001,Washington Precinct 25-004
5139,Washington Precinct 13-001,Washington Precinct 27-001
5140,Washington Precinct 13-001,Washington Precinct 27-002
5141,Washington Precinct 13-002,Washington Precinct 27-001
5142,Washington Precinct 13-002,Washington Precinct 27-002
5143,Washington Precinct 14-001,Washington Precinct 14-002
5144,Washington Precinct 16-001,Washington Precinct 18-001
5145,Washington Precinct 16-001,Washington Precinct 18-003
5146,Washington Precinct 17-001,Washington Precinct 17-002
5147,Washington Precinct 17-001,Washington Precinct 22-001
5148,Washington Precinct 17-001,Washington Precinct 22-002
5149,Washington Precinct 17-001,Washington Precinct 25-001
5150,Washington Precinct 17-002,Washington Precinct 18-003
5151,Washington Precinct 18-001,Washington Precinct 18-002
5152,Washington Precinct 18-001,Washington Precinct 18-003
5153,Washington Precinct 18-002,Washington Precinct 18-003
5154,Washington Precinct 18-002,Washington Precinct 21-001
5155,Washington Precinct 18-002,Washington Precinct 22-002
5156,Washington Precinct 18-002,Washington Precinct 27-001
5157,Washington Precinct 18-002,Washington Precinct 27-002
5158,Washington Precinct 21-001,Washington Precinct 21-003
5159,Washington Precinct 21-001,Washington Precinct 22-001
5160,Washington Precinct 21-001,Washington Precinct 22-002
5161,Washington Precinct 21-001,Washington Precinct 27-001
5162,Washington Precinct 21-002,Washington Precinct 21-003
5163,Washington Precinct 21-002,Washington Precinct 25-001
5164,Washington Precinct 21-002,Washington Precinct 25-002
5165,Washington Precinct 21-002,Washington Precinct 27-001
5166,Washington Precinct 21-003,Washington Precinct 22-001
5167,Washington Precinct 21-003,Washington Precinct 25-001
5168,Washington Precinct 21-003,Washington Precinct 27-001
5169,Washington Precinct 22-001,Washington Precinct 22-002
5170,Washington Precinct 22-001,Washington Precinct 25-001
5171,Washington Precinct 23-001,Washington Precinct 24-001
5172,Washington Precinct 24-001,Washington Precinct 24-002
5173,Washington Precinct 24-001,Washington Precinct 25-004
5174,Washington Precinct 24-001,Washington Precinct 26-001
5175,Washington Precinct 25-001,Washington Precinct 25-002
5176,Washington Precinct 25-002,Washington Precinct 25-004
5177,Washington Precinct 26-001,Washington Precinct 26-002
5178,Washington Precinct 26-001,Washington Precinct 26-003
5179,Washington Precinct 26-002,Washington Precinct 26-003
5180,Washington Precinct 27-001,Washington Precinct 27-002
5181,Wicomico Precinct 01-001,Wicomico Precinct 01-002
5182,Wicomico Precinct 01-001,Wicomico Precinct 01-003
5183,Wicomico Precinct 01-001,Wicomico Precinct 01-004
5184,Wicomico Precinct 01-001,Wicomico Precinct 10-001
5185,Wicomico Precinct 01-001,Wicomico Precinct 15-001
5186,Wicomico Precinct 01-002,Wicomico Precinct 01-003
5187,Wicomico Precinct 01-002,Wicomico Precinct 01-004
5188,Wicomico Precinct 01-002,Wicomico Precinct 02-001
5189,Wicomico Precinct 01-003,Wicomico Precinct 01-004
5190,Wicomico Precinct 01-003,Wicomico Precinct 10-001
5191,Wicomico Precinct 01-003,Wicomico Precinct 10-002
5192,Wicomico Precinct 01-004,Wicomico Precinct 02-001
5193,Wicomico Precinct 01-004,Wicomico Precinct 15-001
5194,Wicomico Precinct 02-001,Wicomico Precinct 07-001
5195,Wicomico Precinct 02-001,Wicomico Precinct 09-003
5196,Wicomico Precinct 02-001,Wicomico Precinct 09-005
5197,Wicomico Precinct 02-001,Wicomico Precinct 15-001
5198,Wicomico Precinct 02-001,Wicomico Precinct 15-002
5199,Wicomico Precinct 02-001,Wicomico Precinct 17-001
5200,Wicomico Precinct 04-001,Wicomico Precinct 05-005
5201,Wicomico Precinct 04-001,Wicomico Precinct 05-006
5202,Wicomico Precinct 04-001,Wicomico Precinct 05-007
5203,Wicomico Precinct 04-001,Wicomico Precinct 06-001
5204,Wicomico Precinct 04-001,Wicomico Precinct 14-001
5205,Wicomico Precinct 05-002,Wicomico Precinct 05-003
5206,Wicomico Precinct 05-002,Wicomico Precinct 05-004
5207,Wicomico Precinct 05-002,Wicomico Precinct 09-001
5208,Wicomico Precinct 05-002,Wicomico Precinct 09-004
5209,Wicomico Precinct 05-002,Wicomico Precinct 13-002
5210,Wicomico Precinct 05-003,Wicomico Precinct 05-004
5211,Wicomico Precinct 05-003,Wicomico Precinct 05-005
5212,Wicomico Precinct 05-003,Wicomico Precinct 05-006
5213,Wicomico Precinct 05-003,Wicomico Precinct 09-001
5214,Wicomico Precinct 05-004,Wicomico Precinct 05-005
5215,Wicomico Precinct 05-004,Wicomico Precinct 05-007
5216,Wicomico Precinct 05-004,Wicomico Precinct 08-001
5217,Wicomico Precinct 05-004,Wicomico Precinct 08-002
5218,Wicomico Precinct 05-004,Wicomico Precinct 13-002
5219,Wicomico Precinct 05-005,Wicomico Precinct 05-006
5220,Wicomico Precinct 05-005,Wicomico Precinct 05-007
5221,Wicomico Precinct 05-006,Wicomico Precinct 09-001
5222,Wicomico Precinct 05-006,Wicomico Precinct 11-001
5223,Wicomico Precinct 05-007,Wicomico Precinct 06-001
5224,Wicomico Precinct 05-007,Wicomico Precinct 08-001
5225,Wicomico Precinct 06-001,Wicomico Precinct 08-001
5226,Wicomico Precinct 06-001,Wicomico Precinct 14-001
5227,Wicomico Precinct 06-001,Worcester Precinct 04-002
5228,Wicomico Precinct 06-001,Worcester Precinct 04-003
5229,Wicomico Precinct 07-001,Wicomico Precinct 07-002
5230,Wicomico Precinct 07-001,Wicomico Precinct 09-005
5231,Wicomico Precinct 07-001,Wicomico Precinct 16-001
5232,Wicomico Precinct 07-001,Wicomico Precinct 17-001
5233,Wicomico Precinct 07-002,Wicomico Precinct 16-001
5234,Wicomico Precinct 08-001,Wicomico Precinct 08-002
5235,Wicomico Precinct 08-001,Wicomico Precinct 08-003
5236,Wicomico Precinct 08-001,Wicomico Precinct 08-004
5237,Wicomico Precinct 08-001,Wicomico Precinct 13-001
5238,Wicomico Precinct 08-001,Worcester Precinct 04-002
5239,Wicomico Precinct 08-002,Wicomico Precinct 13-001
5240,Wicomico Precinct 08-002,Wicomico Precinct 13-002
5241,Wicomico Precinct 08-003,Wicomico Precinct 08-004
5242,Wicomico Precinct 08-003,Wicomico Precinct 13-001
5243,Wicomico Precinct 08-003,Wicomico Precinct 13-003
5244,Wicomico Precinct 08-003,Wicomico Precinct 16-002
5245,Wicomico Precinct 08-004,Wicomico Precinct 16-002
5246,Wicomico Precinct 08-004,Worcester Precinct 04-002
5247,Wicomico Precinct 09-001,Wicomico Precinct 09-002
5248,Wicomico Precinct 09-001,Wicomico Precinct 09-004
5249,Wicomico Precinct 09-001,Wicomico Precinct 09-006
5250,Wicomico Precinct 09-001,Wicomico Precinct 11-001
5251,Wicomico Precinct 09-001,Wicomico Precinct 11-002
5252,Wicomico Precinct 09-002,Wicomico Precinct 09-006
5253,Wicomico Precinct 09-002,Wicomico Precinct 11-001
5254,Wicomico Precinct 09-002,Wicomico Precinct 11-002
5255,Wicomico Precinct 09-002,Wicomico Precinct 15-001
5256,Wicomico Precinct 09-003,Wicomico Precinct 09-005
5257,Wicomico Precinct 09-003,Wicomico Precinct 09-006
5258,Wicomico Precinct 09-003,Wicomico Precinct 13-001
5259,Wicomico Precinct 09-003,Wicomico Precinct 13-003
5260,Wicomico Precinct 09-003,Wicomico Precinct 15-001
5261,Wicomico Precinct 09-003,Wicomico Precinct 16-001
5262,Wicomico Precinct 09-004,Wicomico Precinct 09-006
5263,Wicomico Precinct 09-004,Wicomico Precinct 13-002
5264,Wicomico Precinct 09-005,Wicomico Precinct 16-001
5265,Wicomico Precinct 09-006,Wicomico Precinct 13-001
5266,Wicomico Precinct 09-006,Wicomico Precinct 13-002
5267,Wicomico Precinct 09-006,Wicomico Precinct 15-001
5268,Wicomico Precinct 10-001,Wicomico Precinct 10-002
5269,Wicomico Precinct 11-001,Wicomico Precinct 11-002
5270,Wicomico Precinct 11-001,Wicomico Precinct 15-001
5271,Wicomico Precinct 13-001,Wicomico Precinct 13-002
5272,Wicomico Precinct 13-001,Wicomico Precinct 13-003
5273,Wicomico Precinct 13-003,Wicomico Precinct 16-001
5274,Wicomico Precinct 13-003,Wicomico Precinct 16-002
5275,Wicomico Precinct 14-001,Worcester Precinct 04-003
5276,Wicomico Precinct 15-001,Wicomico Precinct 15-002
5277,Wicomico Precinct 16-001,Wicomico Precinct 16-002
5278,Wicomico Precinct 16-002,Worcester Precinct 04-002
5279,Worcester Precinct 01-001,Worcester Precinct 01-002
5280,Worcester Precinct 01-002,Worcester Precinct 01-003
5281,Worcester Precinct 01-002,Worcester Precinct 02-001
5282,Worcester Precinct 01-002,Worcester Precinct 04-001
5283,Worcester Precinct 01-002,Worcester Precinct 04-002
5284,Worcester Precinct 01-003,Worcester Precinct 02-001
5285,Worcester Precinct 01-003,Worcester Precinct 04-001
5286,Worcester Precinct 02-001,Worcester Precinct 02-002
5287,Worcester Precinct 02-001,Worcester Precinct 04-001
5288,Worcester Precinct 02-001,Worcester Precinct 04-002
5289,Worcester Precinct 02-002,Worcester Precinct 02-003
5290,Worcester Precinct 02-002,Worcester Precinct 04-002
5291,Worcester Precinct 02-002,Worcester Precinct 04-003
5292,Worcester Precinct 02-003,Worcester Precinct 03-002
5293,Worcester Precinct 02-003,Worcester Precinct 03-003
5294,Worcester Precinct 02-003,Worcester Precinct 04-003
5295,Worcester Precinct 03-001,Worcester Precinct 03-002
5296,Worcester Precinct 03-001,Worcester Precinct 03-003
5297,Worcester Precinct 03-002,Worcester Precinct 03-003
5298,Worcester Precinct 03-003,Worcester Precinct 04-003
5299,Worcester Precinct 03-003,Worcester Precinct 05-001
5300,Worcester Precinct 03-003,Worcester Precinct 05-002
5301,Worcester Precinct 03-003,Worcester Precinct 06-002
5302,Worcester Precinct 04-002,Worcester Precinct 04-003
5303,Worcester Precinct 04-003,Worcester Precinct 06-002
5304,Worcester Precinct 04-003,Worcester Precinct 06-003
5305,Worcester Precinct 05-001,Worcester Precinct 05-002
5306,Worcester Precinct 05-001,Worcester Precinct 06-001
5307,Worcester Precinct 05-002,Worcester Precinct 06-001
5308,Worcester Precinct 05-002,Worcester Precinct 06-002
5309,Worcester Precinct 06-001,Worcester Precinct 06-002
5310,Worcester Precinct 06-002,Worcester Precinct 06-003
5311,St. Mary's Precinct 02-001,St. Mary's Precinct 09-001
5312,St. Mary's Precinct 09-001,St. Mary's Precinct 02-002
5313,Somerset Precinct 10-001,Somerset Precinct 10-002
5314,Somerset Precinct 14-001,Somerset Precinct 10-002
5315,Somerset Precinct 14-001,Somerset Precinct 09-001
5316,Worcester Precinct 07-001,Worcester Precinct 03-002
5317,Worcester Precinct 07-001,Worcester Precinct 03-001
5318,Worcester Precinct 07-001,Worcester Precinct 06-003
5319,Cecil Precinct 02-001,Cecil Precinct 02-002
